incident_id,timestamp,zone_id,type,severity,weather_condition,is_event_day
1,2026-05-01T19:11:19,0,theft,2,clear,False
2,2026-05-01T05:09:49,0,accident,3,clear,False
3,2026-05-01T15:42:26,0,assault,4,clear,False
4,2026-05-01T19:14:40,0,assault,2,clear,False
5,2026-05-01T15:08:47,0,theft,1,clear,False
6,2026-05-01T18:16:46,0,accident,4,clear,False
7,2026-05-01T05:06:51,1,accident,3,clear,False
8,2026-05-01T13:33:33,1,accident,4,clear,False
9,2026-05-01T08:26:59,2,theft,2,clear,False
10,2026-05-01T20:51:16,2,theft,1,clear,False
11,2026-05-01T08:01:41,3,theft,3,clear,False
12,2026-05-01T11:56:09,3,theft,2,clear,False
13,2026-05-01T11:41:14,3,medical_emergency,2,clear,False
14,2026-05-01T07:57:05,3,accident,3,clear,False
15,2026-05-01T08:07:29,3,fire,5,clear,False
16,2026-05-01T16:15:46,3,assault,5,clear,False
17,2026-05-01T06:43:04,3,medical_emergency,2,clear,False
18,2026-05-01T02:32:10,4,assault,3,clear,False
19,2026-05-01T11:51:39,4,accident,4,clear,False
20,2026-05-01T10:10:29,5,assault,1,clear,False
21,2026-05-01T04:19:10,5,theft,1,clear,False
22,2026-05-01T14:59:34,5,theft,4,clear,False
23,2026-05-01T03:57:03,6,medical_emergency,4,clear,False
24,2026-05-01T01:26:56,6,medical_emergency,3,clear,False
25,2026-05-01T22:19:17,7,medical_emergency,3,clear,False
26,2026-05-01T00:32:08,7,disturbance,4,clear,False
27,2026-05-01T02:16:56,8,accident,4,clear,False
28,2026-05-01T18:58:13,8,theft,4,clear,False
29,2026-05-01T13:22:57,9,disturbance,3,clear,False
30,2026-05-02T07:58:59,0,theft,2,storm,False
31,2026-05-02T03:53:13,0,disturbance,4,storm,False
32,2026-05-02T21:01:46,0,medical_emergency,2,storm,False
33,2026-05-02T08:39:44,0,medical_emergency,1,storm,False
34,2026-05-02T17:44:10,1,accident,2,storm,False
35,2026-05-02T08:35:16,1,disturbance,1,storm,False
36,2026-05-02T07:29:30,1,accident,5,storm,False
37,2026-05-02T04:13:58,2,theft,3,storm,False
38,2026-05-02T02:34:55,3,theft,1,storm,False
39,2026-05-02T01:23:30,3,assault,3,storm,False
40,2026-05-02T15:57:55,3,disturbance,2,storm,False
41,2026-05-02T11:01:50,3,accident,4,storm,False
42,2026-05-02T02:00:57,3,assault,3,storm,False
43,2026-05-02T03:35:25,3,disturbance,3,storm,False
44,2026-05-02T11:15:47,4,theft,3,storm,False
45,2026-05-02T02:22:57,5,medical_emergency,3,storm,False
46,2026-05-02T20:16:14,5,medical_emergency,2,storm,False
47,2026-05-02T23:44:52,5,disturbance,1,storm,False
48,2026-05-02T01:11:49,5,accident,2,storm,False
49,2026-05-02T07:18:35,5,theft,4,storm,False
50,2026-05-02T03:11:10,6,theft,1,storm,False
51,2026-05-02T19:03:48,6,accident,4,storm,False
52,2026-05-02T09:53:14,7,theft,1,storm,False
53,2026-05-02T05:14:16,7,accident,3,storm,False
54,2026-05-02T01:53:06,7,medical_emergency,3,storm,False
55,2026-05-02T09:55:48,8,theft,3,storm,False
56,2026-05-02T21:50:27,9,medical_emergency,4,storm,False
57,2026-05-02T18:23:03,9,accident,3,storm,False
58,2026-05-02T03:36:13,9,medical_emergency,3,storm,False
59,2026-05-02T08:22:26,9,medical_emergency,2,storm,False
60,2026-05-02T09:47:56,9,accident,3,storm,False
61,2026-05-02T16:54:27,9,medical_emergency,2,storm,False
62,2026-05-03T12:57:36,0,disturbance,1,rain,False
63,2026-05-03T15:05:31,0,accident,2,rain,False
64,2026-05-03T22:10:48,0,theft,5,rain,False
65,2026-05-03T09:35:55,0,accident,4,rain,False
66,2026-05-03T22:03:05,0,assault,3,rain,False
67,2026-05-03T12:36:00,0,theft,2,rain,False
68,2026-05-03T13:43:45,0,medical_emergency,3,rain,False
69,2026-05-03T18:07:43,1,theft,3,rain,False
70,2026-05-03T10:43:20,1,accident,4,rain,False
71,2026-05-03T17:53:47,1,accident,3,rain,False
72,2026-05-03T08:57:08,1,assault,2,rain,False
73,2026-05-03T22:56:08,2,disturbance,2,rain,False
74,2026-05-03T09:50:57,2,fire,4,rain,False
75,2026-05-03T10:07:07,2,disturbance,3,rain,False
76,2026-05-03T02:32:00,2,accident,4,rain,False
77,2026-05-03T12:55:23,3,accident,2,rain,False
78,2026-05-03T23:46:50,3,disturbance,2,rain,False
79,2026-05-03T01:06:08,3,fire,4,rain,False
80,2026-05-03T15:51:01,3,theft,4,rain,False
81,2026-05-03T05:14:48,3,theft,3,rain,False
82,2026-05-03T04:49:36,4,theft,1,rain,False
83,2026-05-03T23:48:14,4,assault,4,rain,False
84,2026-05-03T01:41:30,5,assault,2,rain,False
85,2026-05-03T12:44:26,5,accident,5,rain,False
86,2026-05-03T03:00:16,5,disturbance,1,rain,False
87,2026-05-03T02:42:30,5,fire,4,rain,False
88,2026-05-03T01:13:53,5,accident,1,rain,False
89,2026-05-03T09:58:15,6,medical_emergency,4,rain,False
90,2026-05-03T15:14:56,6,medical_emergency,1,rain,False
91,2026-05-03T12:18:15,6,accident,4,rain,False
92,2026-05-03T15:07:07,7,medical_emergency,3,rain,False
93,2026-05-03T23:08:36,7,assault,3,rain,False
94,2026-05-03T10:55:02,8,accident,3,rain,False
95,2026-05-03T07:25:05,8,medical_emergency,2,rain,False
96,2026-05-03T13:32:38,8,accident,4,rain,False
97,2026-05-03T14:39:20,8,assault,4,rain,False
98,2026-05-03T13:16:47,9,medical_emergency,3,rain,False
99,2026-05-03T05:18:02,9,disturbance,2,rain,False
100,2026-05-03T02:49:03,9,theft,3,rain,False
101,2026-05-03T01:16:43,9,assault,2,rain,False
102,2026-05-03T07:26:49,9,accident,1,rain,False
103,2026-05-03T16:51:14,9,medical_emergency,2,rain,False
104,2026-05-04T14:28:09,0,theft,2,clear,False
105,2026-05-04T17:09:57,0,disturbance,5,clear,False
106,2026-05-04T13:39:08,0,disturbance,5,clear,False
107,2026-05-04T12:26:50,0,assault,1,clear,False
108,2026-05-04T18:55:09,0,medical_emergency,3,clear,False
109,2026-05-04T07:10:37,0,disturbance,1,clear,False
110,2026-05-04T05:59:35,0,assault,3,clear,False
111,2026-05-04T17:29:50,0,theft,1,clear,False
112,2026-05-04T20:24:40,0,accident,4,clear,False
113,2026-05-04T17:21:55,1,medical_emergency,2,clear,False
114,2026-05-04T20:50:31,2,assault,3,clear,False
115,2026-05-04T12:06:37,2,assault,5,clear,False
116,2026-05-04T15:18:11,2,theft,2,clear,False
117,2026-05-04T06:01:25,2,disturbance,2,clear,False
118,2026-05-04T07:24:16,2,medical_emergency,1,clear,False
119,2026-05-04T04:42:48,2,accident,5,clear,False
120,2026-05-04T14:38:33,3,accident,3,clear,False
121,2026-05-04T23:39:09,3,fire,5,clear,False
122,2026-05-04T06:38:20,3,accident,4,clear,False
123,2026-05-04T00:07:57,3,theft,3,clear,False
124,2026-05-04T11:19:58,3,fire,4,clear,False
125,2026-05-04T05:24:13,3,disturbance,1,clear,False
126,2026-05-04T13:26:49,3,disturbance,4,clear,False
127,2026-05-04T08:06:39,5,accident,4,clear,False
128,2026-05-04T18:26:00,6,medical_emergency,4,clear,False
129,2026-05-04T22:30:45,6,accident,1,clear,False
130,2026-05-04T09:15:14,6,disturbance,3,clear,False
131,2026-05-04T09:51:54,6,assault,5,clear,False
132,2026-05-04T07:40:05,7,disturbance,1,clear,False
133,2026-05-04T16:20:32,7,accident,5,clear,False
134,2026-05-04T23:51:42,8,medical_emergency,5,clear,False
135,2026-05-04T17:35:13,8,assault,5,clear,False
136,2026-05-04T11:18:27,9,theft,1,clear,False
137,2026-05-04T23:38:53,9,assault,3,clear,False
138,2026-05-05T23:37:39,0,disturbance,2,rain,False
139,2026-05-05T00:17:10,0,assault,3,rain,False
140,2026-05-05T03:03:33,0,disturbance,2,rain,False
141,2026-05-05T06:47:51,0,accident,3,rain,False
142,2026-05-05T11:15:48,0,fire,4,rain,False
143,2026-05-05T16:54:10,0,accident,2,rain,False
144,2026-05-05T13:56:57,1,medical_emergency,1,rain,False
145,2026-05-05T17:06:34,1,theft,1,rain,False
146,2026-05-05T01:47:18,1,medical_emergency,3,rain,False
147,2026-05-05T21:41:29,3,theft,2,rain,False
148,2026-05-05T09:17:06,3,medical_emergency,1,rain,False
149,2026-05-05T02:30:24,4,medical_emergency,2,rain,False
150,2026-05-05T10:20:13,5,medical_emergency,3,rain,False
151,2026-05-05T17:19:29,5,disturbance,1,rain,False
152,2026-05-05T11:36:02,5,accident,2,rain,False
153,2026-05-05T07:08:55,5,disturbance,1,rain,False
154,2026-05-05T04:05:34,6,accident,3,rain,False
155,2026-05-05T06:51:53,7,accident,2,rain,False
156,2026-05-05T18:14:55,7,disturbance,2,rain,False
157,2026-05-05T13:47:30,8,accident,3,rain,False
158,2026-05-05T09:51:01,8,assault,1,rain,False
159,2026-05-05T17:20:39,8,theft,1,rain,False
160,2026-05-05T17:49:19,8,accident,4,rain,False
161,2026-05-05T02:53:46,8,accident,2,rain,False
162,2026-05-05T03:34:35,9,theft,5,rain,False
163,2026-05-05T09:07:24,9,disturbance,4,rain,False
164,2026-05-05T12:43:03,9,accident,3,rain,False
165,2026-05-05T10:35:58,9,assault,4,rain,False
166,2026-05-06T20:45:34,0,accident,4,clear,False
167,2026-05-06T06:45:55,0,fire,4,clear,False
168,2026-05-06T12:21:31,0,theft,3,clear,False
169,2026-05-06T10:24:39,0,theft,4,clear,False
170,2026-05-06T09:21:57,0,accident,2,clear,False
171,2026-05-06T06:10:59,0,theft,4,clear,False
172,2026-05-06T21:39:43,1,medical_emergency,4,clear,False
173,2026-05-06T12:46:46,1,medical_emergency,1,clear,False
174,2026-05-06T21:30:05,1,disturbance,3,clear,False
175,2026-05-06T00:12:12,1,disturbance,1,clear,False
176,2026-05-06T23:23:24,2,accident,4,clear,False
177,2026-05-06T00:36:04,2,disturbance,2,clear,False
178,2026-05-06T04:46:07,2,assault,3,clear,False
179,2026-05-06T07:09:01,2,accident,3,clear,False
180,2026-05-06T22:28:12,3,disturbance,2,clear,False
181,2026-05-06T23:11:27,3,medical_emergency,3,clear,False
182,2026-05-06T06:18:45,5,theft,1,clear,False
183,2026-05-06T07:52:36,5,disturbance,5,clear,False
184,2026-05-06T23:24:08,5,disturbance,1,clear,False
185,2026-05-06T22:18:48,5,medical_emergency,1,clear,False
186,2026-05-06T20:31:44,6,disturbance,2,clear,False
187,2026-05-06T17:17:06,6,assault,3,clear,False
188,2026-05-06T18:36:56,6,accident,3,clear,False
189,2026-05-06T09:07:23,6,disturbance,1,clear,False
190,2026-05-06T06:52:42,7,medical_emergency,2,clear,False
191,2026-05-06T03:51:32,7,disturbance,2,clear,False
192,2026-05-06T12:00:46,8,fire,5,clear,False
193,2026-05-06T07:31:23,8,medical_emergency,3,clear,False
194,2026-05-06T12:50:57,9,fire,4,clear,False
195,2026-05-06T03:09:09,9,medical_emergency,2,clear,False
196,2026-05-07T06:50:59,0,medical_emergency,2,clear,False
197,2026-05-07T03:49:50,0,disturbance,2,clear,False
198,2026-05-07T03:33:03,0,disturbance,2,clear,False
199,2026-05-07T22:20:03,0,disturbance,3,clear,False
200,2026-05-07T18:12:55,0,accident,3,clear,False
201,2026-05-07T13:59:23,1,assault,1,clear,False
202,2026-05-07T10:47:37,1,theft,1,clear,False
203,2026-05-07T07:39:36,2,medical_emergency,3,clear,False
204,2026-05-07T22:05:40,2,assault,2,clear,False
205,2026-05-07T23:50:17,2,theft,2,clear,False
206,2026-05-07T21:27:31,2,accident,5,clear,False
207,2026-05-07T03:43:19,3,medical_emergency,5,clear,False
208,2026-05-07T10:41:24,3,accident,3,clear,False
209,2026-05-07T11:26:19,3,theft,1,clear,False
210,2026-05-07T16:18:01,3,accident,4,clear,False
211,2026-05-07T21:19:56,3,theft,3,clear,False
212,2026-05-07T20:10:07,3,theft,3,clear,False
213,2026-05-07T06:17:44,4,accident,5,clear,False
214,2026-05-07T04:26:41,5,fire,3,clear,False
215,2026-05-07T13:01:57,5,assault,5,clear,False
216,2026-05-07T14:50:51,5,medical_emergency,5,clear,False
217,2026-05-07T07:19:26,5,medical_emergency,3,clear,False
218,2026-05-07T15:24:54,5,assault,2,clear,False
219,2026-05-07T22:55:01,5,disturbance,5,clear,False
220,2026-05-07T17:21:24,6,theft,2,clear,False
221,2026-05-07T06:13:34,6,disturbance,4,clear,False
222,2026-05-07T04:27:47,6,theft,2,clear,False
223,2026-05-07T03:50:36,6,theft,3,clear,False
224,2026-05-07T02:17:11,6,assault,5,clear,False
225,2026-05-07T22:09:52,6,assault,4,clear,False
226,2026-05-07T22:14:16,7,theft,3,clear,False
227,2026-05-07T03:25:17,8,medical_emergency,3,clear,False
228,2026-05-07T16:01:59,8,accident,5,clear,False
229,2026-05-07T00:30:07,8,theft,3,clear,False
230,2026-05-07T23:10:25,8,assault,3,clear,False
231,2026-05-07T07:47:56,9,disturbance,3,clear,False
232,2026-05-07T09:42:48,9,assault,4,clear,False
233,2026-05-08T07:32:13,0,theft,1,clear,False
234,2026-05-08T00:05:02,0,assault,4,clear,False
235,2026-05-08T08:39:01,0,disturbance,1,clear,False
236,2026-05-08T03:33:32,0,disturbance,3,clear,False
237,2026-05-08T13:44:12,1,theft,3,clear,False
238,2026-05-08T12:18:22,1,accident,3,clear,False
239,2026-05-08T15:45:20,2,theft,1,clear,False
240,2026-05-08T04:55:23,3,accident,3,clear,False
241,2026-05-08T04:52:27,3,fire,5,clear,False
242,2026-05-08T04:56:17,3,theft,3,clear,False
243,2026-05-08T06:44:23,3,medical_emergency,3,clear,False
244,2026-05-08T19:22:29,4,theft,2,clear,False
245,2026-05-08T18:16:27,5,medical_emergency,2,clear,False
246,2026-05-08T13:21:00,5,accident,2,clear,False
247,2026-05-08T00:12:46,5,disturbance,3,clear,False
248,2026-05-08T04:49:28,5,disturbance,2,clear,False
249,2026-05-08T20:56:28,5,theft,1,clear,False
250,2026-05-08T14:31:10,6,theft,2,clear,False
251,2026-05-08T01:08:20,6,disturbance,2,clear,False
252,2026-05-08T08:20:15,6,theft,2,clear,False
253,2026-05-08T19:53:45,7,disturbance,1,clear,False
254,2026-05-08T02:06:49,8,disturbance,3,clear,False
255,2026-05-08T16:31:12,8,fire,1,clear,False
256,2026-05-08T09:31:29,9,fire,4,clear,False
257,2026-05-08T06:58:47,9,assault,3,clear,False
258,2026-05-08T14:13:11,9,theft,2,clear,False
259,2026-05-08T23:06:34,9,disturbance,2,clear,False
260,2026-05-09T08:22:19,0,accident,4,clear,False
261,2026-05-09T23:20:18,0,assault,1,clear,False
262,2026-05-09T03:51:12,0,disturbance,2,clear,False
263,2026-05-09T18:33:31,0,accident,3,clear,False
264,2026-05-09T19:06:40,0,disturbance,2,clear,False
265,2026-05-09T23:03:06,0,disturbance,2,clear,False
266,2026-05-09T22:36:02,0,accident,1,clear,False
267,2026-05-09T22:40:20,0,accident,1,clear,False
268,2026-05-09T17:52:52,1,disturbance,2,clear,False
269,2026-05-09T23:22:40,1,accident,3,clear,False
270,2026-05-09T03:12:32,1,disturbance,2,clear,False
271,2026-05-09T13:22:30,2,theft,3,clear,False
272,2026-05-09T11:43:36,2,accident,5,clear,False
273,2026-05-09T21:25:07,2,medical_emergency,3,clear,False
274,2026-05-09T02:04:17,2,disturbance,3,clear,False
275,2026-05-09T16:18:56,2,disturbance,1,clear,False
276,2026-05-09T12:34:27,3,accident,1,clear,False
277,2026-05-09T23:31:34,3,assault,2,clear,False
278,2026-05-09T04:30:56,3,assault,1,clear,False
279,2026-05-09T04:24:14,3,disturbance,5,clear,False
280,2026-05-09T01:22:59,4,theft,2,clear,False
281,2026-05-09T11:57:32,4,theft,3,clear,False
282,2026-05-09T07:18:56,4,disturbance,1,clear,False
283,2026-05-09T18:50:00,4,theft,1,clear,False
284,2026-05-09T20:10:58,5,medical_emergency,1,clear,False
285,2026-05-09T06:18:11,5,theft,1,clear,False
286,2026-05-09T23:07:42,5,theft,4,clear,False
287,2026-05-09T12:49:21,5,fire,5,clear,False
288,2026-05-09T22:16:21,6,medical_emergency,2,clear,False
289,2026-05-09T04:23:34,6,theft,1,clear,False
290,2026-05-09T18:50:36,6,medical_emergency,5,clear,False
291,2026-05-09T02:02:16,6,theft,1,clear,False
292,2026-05-09T23:39:56,6,assault,3,clear,False
293,2026-05-09T20:58:21,6,theft,1,clear,False
294,2026-05-09T03:08:34,6,theft,1,clear,False
295,2026-05-09T12:48:37,7,accident,5,clear,False
296,2026-05-09T22:28:13,7,assault,1,clear,False
297,2026-05-09T09:26:19,7,fire,3,clear,False
298,2026-05-09T18:09:26,8,accident,4,clear,False
299,2026-05-09T19:13:42,8,accident,2,clear,False
300,2026-05-09T22:01:30,9,medical_emergency,3,clear,False
301,2026-05-10T17:35:36,0,theft,2,clear,False
302,2026-05-10T01:29:53,0,fire,4,clear,False
303,2026-05-10T06:28:43,0,theft,3,clear,False
304,2026-05-10T15:27:38,0,accident,3,clear,False
305,2026-05-10T14:25:02,1,disturbance,2,clear,False
306,2026-05-10T17:35:44,1,medical_emergency,2,clear,False
307,2026-05-10T08:07:06,1,theft,2,clear,False
308,2026-05-10T17:33:06,1,disturbance,2,clear,False
309,2026-05-10T02:57:23,1,theft,1,clear,False
310,2026-05-10T06:43:45,1,medical_emergency,4,clear,False
311,2026-05-10T18:28:14,2,theft,1,clear,False
312,2026-05-10T07:49:42,2,theft,2,clear,False
313,2026-05-10T04:26:20,3,disturbance,1,clear,False
314,2026-05-10T08:20:23,3,theft,2,clear,False
315,2026-05-10T17:14:11,3,accident,3,clear,False
316,2026-05-10T06:42:18,3,theft,2,clear,False
317,2026-05-10T12:45:37,4,disturbance,2,clear,False
318,2026-05-10T15:28:29,5,theft,2,clear,False
319,2026-05-10T11:24:38,5,accident,4,clear,False
320,2026-05-10T20:11:47,5,theft,1,clear,False
321,2026-05-10T01:50:07,5,fire,5,clear,False
322,2026-05-10T21:44:16,5,assault,3,clear,False
323,2026-05-10T19:36:59,5,disturbance,2,clear,False
324,2026-05-10T13:13:11,5,assault,2,clear,False
325,2026-05-10T17:10:55,6,disturbance,2,clear,False
326,2026-05-10T21:59:48,6,theft,3,clear,False
327,2026-05-10T10:14:33,6,assault,5,clear,False
328,2026-05-10T06:41:15,6,medical_emergency,3,clear,False
329,2026-05-10T18:46:44,6,accident,3,clear,False
330,2026-05-10T20:52:02,7,medical_emergency,5,clear,False
331,2026-05-10T03:23:14,8,disturbance,2,clear,False
332,2026-05-10T04:26:28,8,theft,2,clear,False
333,2026-05-10T17:51:08,8,accident,4,clear,False
334,2026-05-10T23:24:28,9,disturbance,1,clear,False
335,2026-05-10T03:12:14,9,assault,3,clear,False
336,2026-05-10T06:32:48,9,disturbance,4,clear,False
337,2026-05-10T15:15:16,9,assault,2,clear,False
338,2026-05-11T03:26:46,0,assault,4,storm,False
339,2026-05-11T03:12:14,0,disturbance,4,storm,False
340,2026-05-11T20:51:52,0,assault,1,storm,False
341,2026-05-11T12:18:36,0,accident,4,storm,False
342,2026-05-11T03:18:30,1,theft,1,storm,False
343,2026-05-11T16:30:49,1,medical_emergency,2,storm,False
344,2026-05-11T18:46:44,1,disturbance,1,storm,False
345,2026-05-11T06:40:20,1,medical_emergency,2,storm,False
346,2026-05-11T19:48:55,1,fire,4,storm,False
347,2026-05-11T03:59:39,1,assault,4,storm,False
348,2026-05-11T11:35:24,1,fire,2,storm,False
349,2026-05-11T14:52:36,1,assault,4,storm,False
350,2026-05-11T09:46:18,1,fire,5,storm,False
351,2026-05-11T10:13:36,2,accident,4,storm,False
352,2026-05-11T11:49:51,2,theft,2,storm,False
353,2026-05-11T18:01:52,2,medical_emergency,5,storm,False
354,2026-05-11T01:31:51,2,accident,3,storm,False
355,2026-05-11T05:44:32,2,disturbance,1,storm,False
356,2026-05-11T12:06:38,3,fire,4,storm,False
357,2026-05-11T08:44:07,3,medical_emergency,3,storm,False
358,2026-05-11T10:01:53,3,accident,3,storm,False
359,2026-05-11T06:58:49,4,disturbance,4,storm,False
360,2026-05-11T07:07:05,4,theft,1,storm,False
361,2026-05-11T04:07:05,4,theft,5,storm,False
362,2026-05-11T01:56:42,5,accident,4,storm,False
363,2026-05-11T09:26:04,5,medical_emergency,3,storm,False
364,2026-05-11T04:25:09,5,accident,3,storm,False
365,2026-05-11T18:14:57,5,accident,3,storm,False
366,2026-05-11T16:52:45,5,accident,2,storm,False
367,2026-05-11T05:17:26,6,medical_emergency,3,storm,False
368,2026-05-11T14:19:41,6,accident,2,storm,False
369,2026-05-11T14:40:45,6,accident,2,storm,False
370,2026-05-11T10:59:13,6,medical_emergency,1,storm,False
371,2026-05-11T07:26:50,6,accident,3,storm,False
372,2026-05-11T19:55:29,7,medical_emergency,5,storm,False
373,2026-05-11T23:31:07,7,accident,4,storm,False
374,2026-05-11T01:30:55,7,medical_emergency,3,storm,False
375,2026-05-11T10:13:38,8,theft,1,storm,False
376,2026-05-11T10:42:01,8,accident,4,storm,False
377,2026-05-11T05:34:58,8,theft,4,storm,False
378,2026-05-11T04:23:38,8,accident,3,storm,False
379,2026-05-11T11:50:43,9,fire,3,storm,False
380,2026-05-11T06:38:34,9,assault,2,storm,False
381,2026-05-11T18:59:20,9,fire,4,storm,False
382,2026-05-11T15:19:12,9,accident,5,storm,False
383,2026-05-11T09:31:56,9,accident,3,storm,False
384,2026-05-12T10:48:20,0,medical_emergency,4,storm,False
385,2026-05-12T10:19:31,0,theft,1,storm,False
386,2026-05-12T20:06:45,0,medical_emergency,2,storm,False
387,2026-05-12T23:33:06,0,theft,2,storm,False
388,2026-05-12T04:41:03,0,accident,3,storm,False
389,2026-05-12T00:03:01,0,accident,1,storm,False
390,2026-05-12T20:13:26,0,theft,2,storm,False
391,2026-05-12T16:26:37,0,theft,3,storm,False
392,2026-05-12T21:08:43,2,assault,4,storm,False
393,2026-05-12T04:35:33,2,disturbance,2,storm,False
394,2026-05-12T07:44:13,2,medical_emergency,2,storm,False
395,2026-05-12T11:42:32,3,theft,2,storm,False
396,2026-05-12T15:41:14,4,medical_emergency,3,storm,False
397,2026-05-12T04:02:09,4,assault,3,storm,False
398,2026-05-12T09:34:55,4,theft,3,storm,False
399,2026-05-12T10:12:18,4,disturbance,1,storm,False
400,2026-05-12T22:11:54,5,accident,5,storm,False
401,2026-05-12T15:34:42,6,theft,3,storm,False
402,2026-05-12T01:31:28,6,accident,5,storm,False
403,2026-05-12T17:30:07,6,medical_emergency,5,storm,False
404,2026-05-12T17:22:13,6,medical_emergency,2,storm,False
405,2026-05-12T17:27:05,6,disturbance,3,storm,False
406,2026-05-12T05:11:51,6,disturbance,2,storm,False
407,2026-05-12T02:41:27,7,fire,3,storm,False
408,2026-05-12T02:18:04,7,accident,3,storm,False
409,2026-05-12T09:28:30,7,accident,3,storm,False
410,2026-05-12T08:16:08,8,disturbance,2,storm,False
411,2026-05-12T06:09:32,8,accident,1,storm,False
412,2026-05-12T06:41:24,8,theft,2,storm,False
413,2026-05-12T13:31:41,8,assault,1,storm,False
414,2026-05-12T14:45:06,8,medical_emergency,3,storm,False
415,2026-05-12T09:00:19,8,assault,3,storm,False
416,2026-05-12T09:51:25,9,medical_emergency,2,storm,False
417,2026-05-12T17:06:19,9,accident,5,storm,False
418,2026-05-12T00:54:17,9,accident,4,storm,False
419,2026-05-12T18:47:58,9,accident,5,storm,False
420,2026-05-13T23:30:19,0,medical_emergency,4,clear,False
421,2026-05-13T00:28:01,0,fire,4,clear,False
422,2026-05-13T03:59:15,0,theft,4,clear,False
423,2026-05-13T18:30:00,0,theft,2,clear,False
424,2026-05-13T22:58:15,0,medical_emergency,5,clear,False
425,2026-05-13T20:23:13,1,medical_emergency,5,clear,False
426,2026-05-13T04:24:23,1,assault,1,clear,False
427,2026-05-13T13:12:30,1,accident,2,clear,False
428,2026-05-13T16:24:20,1,assault,3,clear,False
429,2026-05-13T06:12:44,2,disturbance,2,clear,False
430,2026-05-13T00:57:14,2,medical_emergency,1,clear,False
431,2026-05-13T16:44:54,2,theft,3,clear,False
432,2026-05-13T22:24:42,2,accident,4,clear,False
433,2026-05-13T18:10:04,3,medical_emergency,1,clear,False
434,2026-05-13T22:56:06,3,assault,1,clear,False
435,2026-05-13T18:14:21,3,assault,1,clear,False
436,2026-05-13T06:25:23,3,theft,2,clear,False
437,2026-05-13T07:05:17,4,theft,1,clear,False
438,2026-05-13T18:45:18,5,accident,5,clear,False
439,2026-05-13T01:55:26,5,theft,5,clear,False
440,2026-05-13T18:08:02,5,theft,3,clear,False
441,2026-05-13T16:46:31,5,accident,4,clear,False
442,2026-05-13T20:58:24,5,theft,1,clear,False
443,2026-05-13T20:02:58,5,medical_emergency,2,clear,False
444,2026-05-13T09:11:16,5,assault,5,clear,False
445,2026-05-13T20:53:44,5,medical_emergency,2,clear,False
446,2026-05-13T12:22:30,5,assault,2,clear,False
447,2026-05-13T23:15:29,6,fire,5,clear,False
448,2026-05-13T23:55:31,6,disturbance,1,clear,False
449,2026-05-13T13:10:18,6,disturbance,2,clear,False
450,2026-05-13T06:21:33,6,disturbance,1,clear,False
451,2026-05-13T08:35:30,7,disturbance,1,clear,False
452,2026-05-13T12:15:11,8,disturbance,4,clear,False
453,2026-05-13T06:19:29,8,medical_emergency,4,clear,False
454,2026-05-13T10:18:52,9,fire,4,clear,False
455,2026-05-14T07:21:18,0,medical_emergency,3,clear,False
456,2026-05-14T04:28:42,0,disturbance,2,clear,False
457,2026-05-14T14:04:06,0,theft,3,clear,False
458,2026-05-14T08:47:56,0,accident,2,clear,False
459,2026-05-14T21:44:51,0,disturbance,1,clear,False
460,2026-05-14T07:39:23,1,assault,2,clear,False
461,2026-05-14T04:11:19,1,theft,2,clear,False
462,2026-05-14T09:59:46,1,assault,3,clear,False
463,2026-05-14T08:03:32,2,assault,4,clear,False
464,2026-05-14T23:26:33,2,medical_emergency,1,clear,False
465,2026-05-14T00:07:04,2,disturbance,2,clear,False
466,2026-05-14T17:55:36,2,disturbance,3,clear,False
467,2026-05-14T10:45:02,2,disturbance,4,clear,False
468,2026-05-14T00:18:12,3,assault,4,clear,False
469,2026-05-14T16:05:04,3,disturbance,3,clear,False
470,2026-05-14T04:09:42,3,assault,5,clear,False
471,2026-05-14T14:36:41,3,assault,2,clear,False
472,2026-05-14T00:53:00,3,disturbance,1,clear,False
473,2026-05-14T20:26:33,4,assault,3,clear,False
474,2026-05-14T10:37:59,4,medical_emergency,4,clear,False
475,2026-05-14T19:04:45,4,assault,2,clear,False
476,2026-05-14T08:06:45,4,assault,2,clear,False
477,2026-05-14T22:04:17,5,assault,1,clear,False
478,2026-05-14T06:07:11,5,fire,3,clear,False
479,2026-05-14T17:25:49,6,accident,5,clear,False
480,2026-05-14T08:19:10,6,medical_emergency,1,clear,False
481,2026-05-14T16:04:00,6,accident,3,clear,False
482,2026-05-14T17:42:50,6,theft,4,clear,False
483,2026-05-14T01:05:32,6,theft,1,clear,False
484,2026-05-14T20:53:29,7,medical_emergency,4,clear,False
485,2026-05-14T06:28:55,8,disturbance,3,clear,False
486,2026-05-14T16:03:21,8,assault,3,clear,False
487,2026-05-14T08:31:41,8,medical_emergency,2,clear,False
488,2026-05-14T07:02:08,8,theft,2,clear,False
489,2026-05-14T10:09:17,9,theft,1,clear,False
490,2026-05-14T18:20:44,9,fire,1,clear,False
491,2026-05-14T02:04:50,9,accident,4,clear,False
492,2026-05-14T08:11:59,9,theft,2,clear,False
493,2026-05-14T23:15:23,9,theft,1,clear,False
494,2026-05-15T13:54:58,0,disturbance,3,clear,False
495,2026-05-15T11:25:20,0,medical_emergency,3,clear,False
496,2026-05-15T02:08:04,0,assault,3,clear,False
497,2026-05-15T20:55:45,0,theft,1,clear,False
498,2026-05-15T18:55:43,0,theft,4,clear,False
499,2026-05-15T02:04:15,0,accident,4,clear,False
500,2026-05-15T18:52:35,0,disturbance,3,clear,False
501,2026-05-15T16:45:00,1,fire,3,clear,False
502,2026-05-15T04:50:34,1,medical_emergency,3,clear,False
503,2026-05-15T01:02:45,1,assault,3,clear,False
504,2026-05-15T14:11:38,1,accident,4,clear,False
505,2026-05-15T06:47:01,1,accident,4,clear,False
506,2026-05-15T14:33:40,2,medical_emergency,4,clear,False
507,2026-05-15T00:44:57,3,disturbance,2,clear,False
508,2026-05-15T14:50:51,3,assault,3,clear,False
509,2026-05-15T18:08:55,4,theft,2,clear,False
510,2026-05-15T22:56:06,4,medical_emergency,2,clear,False
511,2026-05-15T05:20:50,4,disturbance,2,clear,False
512,2026-05-15T18:55:53,5,theft,4,clear,False
513,2026-05-15T15:31:44,5,medical_emergency,2,clear,False
514,2026-05-15T19:37:40,5,medical_emergency,1,clear,False
515,2026-05-15T18:57:50,5,disturbance,2,clear,False
516,2026-05-15T01:52:07,6,medical_emergency,3,clear,True
517,2026-05-15T06:05:21,6,theft,3,clear,True
518,2026-05-15T03:59:12,6,assault,3,clear,True
519,2026-05-15T08:09:46,6,medical_emergency,2,clear,True
520,2026-05-15T15:57:54,6,disturbance,1,clear,True
521,2026-05-15T01:54:32,6,disturbance,3,clear,True
522,2026-05-15T14:31:00,6,accident,4,clear,True
523,2026-05-15T00:57:08,6,accident,4,clear,True
524,2026-05-15T09:18:30,6,theft,2,clear,True
525,2026-05-15T00:26:08,6,assault,2,clear,True
526,2026-05-15T12:26:10,6,assault,5,clear,True
527,2026-05-15T14:19:14,6,assault,3,clear,True
528,2026-05-15T11:19:17,6,accident,5,clear,True
529,2026-05-15T13:41:15,6,theft,1,clear,True
530,2026-05-15T11:36:40,6,theft,2,clear,True
531,2026-05-15T02:44:19,6,medical_emergency,3,clear,True
532,2026-05-15T09:28:49,8,medical_emergency,4,clear,False
533,2026-05-15T08:32:48,8,accident,4,clear,False
534,2026-05-15T20:22:01,8,theft,4,clear,False
535,2026-05-15T08:00:12,9,medical_emergency,2,clear,False
536,2026-05-15T03:51:46,9,assault,3,clear,False
537,2026-05-16T08:24:26,0,disturbance,5,storm,False
538,2026-05-16T09:42:45,0,accident,3,storm,False
539,2026-05-16T11:01:48,0,theft,2,storm,False
540,2026-05-16T05:18:53,0,accident,3,storm,False
541,2026-05-16T07:11:54,1,disturbance,3,storm,False
542,2026-05-16T21:21:13,1,disturbance,5,storm,False
543,2026-05-16T14:55:42,1,accident,3,storm,False
544,2026-05-16T13:40:14,1,medical_emergency,2,storm,False
545,2026-05-16T19:53:11,2,accident,4,storm,False
546,2026-05-16T10:59:34,3,accident,4,storm,False
547,2026-05-16T06:51:20,3,medical_emergency,4,storm,False
548,2026-05-16T17:10:50,3,accident,4,storm,False
549,2026-05-16T21:55:32,4,medical_emergency,3,storm,False
550,2026-05-16T02:41:23,4,assault,4,storm,False
551,2026-05-16T21:23:33,4,assault,3,storm,False
552,2026-05-16T19:44:34,4,disturbance,1,storm,False
553,2026-05-16T07:34:47,5,medical_emergency,3,storm,False
554,2026-05-16T19:39:48,5,accident,3,storm,False
555,2026-05-16T13:51:39,5,theft,2,storm,False
556,2026-05-16T06:44:40,5,accident,3,storm,False
557,2026-05-16T19:49:56,6,theft,2,storm,False
558,2026-05-16T20:01:23,6,accident,4,storm,False
559,2026-05-16T17:48:30,6,accident,3,storm,False
560,2026-05-16T21:33:38,6,assault,2,storm,False
561,2026-05-16T19:58:49,6,assault,2,storm,False
562,2026-05-16T03:19:30,6,disturbance,1,storm,False
563,2026-05-16T12:59:31,6,theft,2,storm,False
564,2026-05-16T12:50:47,7,theft,3,storm,False
565,2026-05-16T07:08:53,7,medical_emergency,4,storm,False
566,2026-05-16T00:03:31,8,medical_emergency,2,storm,False
567,2026-05-16T06:42:18,8,accident,2,storm,False
568,2026-05-16T20:51:21,8,assault,4,storm,False
569,2026-05-16T18:29:02,9,theft,1,storm,False
570,2026-05-16T17:34:52,9,accident,2,storm,False
571,2026-05-17T00:04:05,0,disturbance,2,rain,False
572,2026-05-17T16:17:09,0,disturbance,5,rain,False
573,2026-05-17T07:47:13,0,disturbance,1,rain,False
574,2026-05-17T18:33:30,0,medical_emergency,3,rain,False
575,2026-05-17T02:15:47,0,theft,1,rain,False
576,2026-05-17T02:18:12,0,accident,3,rain,False
577,2026-05-17T18:41:34,0,accident,4,rain,False
578,2026-05-17T22:48:50,1,disturbance,5,rain,False
579,2026-05-17T01:34:32,1,accident,3,rain,False
580,2026-05-17T16:16:14,2,accident,2,rain,False
581,2026-05-17T15:19:54,2,accident,2,rain,False
582,2026-05-17T03:12:41,2,theft,4,rain,False
583,2026-05-17T11:33:15,3,assault,3,rain,True
584,2026-05-17T10:40:40,3,disturbance,2,rain,True
585,2026-05-17T14:03:55,3,fire,5,rain,True
586,2026-05-17T17:49:48,3,medical_emergency,2,rain,True
587,2026-05-17T12:44:32,3,theft,2,rain,True
588,2026-05-17T11:11:47,4,medical_emergency,1,rain,False
589,2026-05-17T09:25:45,4,medical_emergency,2,rain,False
590,2026-05-17T05:35:03,4,accident,3,rain,False
591,2026-05-17T01:46:16,4,medical_emergency,2,rain,False
592,2026-05-17T10:12:19,5,medical_emergency,3,rain,False
593,2026-05-17T12:06:50,5,medical_emergency,1,rain,False
594,2026-05-17T09:13:02,5,accident,5,rain,False
595,2026-05-17T18:37:25,5,medical_emergency,1,rain,False
596,2026-05-17T05:07:16,5,theft,1,rain,False
597,2026-05-17T03:24:07,5,accident,1,rain,False
598,2026-05-17T03:18:19,5,theft,2,rain,False
599,2026-05-17T11:56:11,6,theft,1,rain,False
600,2026-05-17T03:38:36,6,fire,4,rain,False
601,2026-05-17T09:58:33,7,theft,2,rain,False
602,2026-05-17T10:35:03,8,accident,5,rain,False
603,2026-05-17T09:55:52,8,accident,4,rain,False
604,2026-05-17T03:07:27,8,accident,4,rain,False
605,2026-05-17T07:09:52,8,assault,5,rain,False
606,2026-05-17T00:36:03,9,assault,4,rain,False
607,2026-05-17T04:35:28,9,accident,4,rain,False
608,2026-05-18T08:39:00,0,theft,1,rain,False
609,2026-05-18T03:59:59,0,assault,4,rain,False
610,2026-05-18T04:07:19,0,assault,3,rain,False
611,2026-05-18T12:47:55,0,fire,5,rain,False
612,2026-05-18T03:28:54,0,disturbance,1,rain,False
613,2026-05-18T19:31:31,0,assault,2,rain,False
614,2026-05-18T00:55:32,1,accident,3,rain,False
615,2026-05-18T08:19:59,1,assault,3,rain,False
616,2026-05-18T04:15:07,1,medical_emergency,3,rain,False
617,2026-05-18T06:55:11,1,medical_emergency,4,rain,False
618,2026-05-18T15:11:03,2,theft,2,rain,False
619,2026-05-18T17:14:55,2,theft,2,rain,False
620,2026-05-18T03:55:49,2,accident,4,rain,False
621,2026-05-18T03:18:02,2,medical_emergency,3,rain,False
622,2026-05-18T11:28:14,3,disturbance,2,rain,False
623,2026-05-18T06:44:39,3,theft,3,rain,False
624,2026-05-18T14:45:45,3,theft,1,rain,False
625,2026-05-18T21:42:34,4,disturbance,1,rain,False
626,2026-05-18T07:21:44,4,theft,2,rain,False
627,2026-05-18T14:28:24,4,medical_emergency,2,rain,False
628,2026-05-18T03:00:36,4,assault,5,rain,False
629,2026-05-18T08:15:07,5,theft,5,rain,False
630,2026-05-18T16:18:11,5,medical_emergency,1,rain,False
631,2026-05-18T04:53:01,6,theft,2,rain,False
632,2026-05-18T18:27:37,6,medical_emergency,3,rain,False
633,2026-05-18T04:09:13,6,theft,1,rain,False
634,2026-05-18T14:09:52,6,medical_emergency,2,rain,False
635,2026-05-18T07:22:39,6,medical_emergency,3,rain,False
636,2026-05-18T04:19:00,6,accident,3,rain,False
637,2026-05-18T12:57:05,6,disturbance,3,rain,False
638,2026-05-18T20:00:36,6,disturbance,2,rain,False
639,2026-05-18T02:36:13,6,assault,2,rain,False
640,2026-05-18T02:49:45,6,accident,4,rain,False
641,2026-05-18T11:27:23,7,medical_emergency,5,rain,False
642,2026-05-18T20:37:15,8,theft,2,rain,False
643,2026-05-18T03:10:03,8,disturbance,1,rain,False
644,2026-05-18T23:03:40,8,disturbance,3,rain,False
645,2026-05-18T13:19:01,8,accident,2,rain,False
646,2026-05-18T22:45:40,9,accident,2,rain,False
647,2026-05-18T19:16:55,9,assault,2,rain,False
648,2026-05-18T07:03:11,9,assault,3,rain,False
649,2026-05-18T16:11:37,9,medical_emergency,1,rain,False
650,2026-05-19T16:34:50,0,accident,4,storm,False
651,2026-05-19T13:03:00,0,accident,3,storm,False
652,2026-05-19T07:04:03,0,theft,5,storm,False
653,2026-05-19T08:00:48,1,accident,3,storm,False
654,2026-05-19T02:02:04,1,assault,3,storm,False
655,2026-05-19T20:03:46,1,disturbance,2,storm,False
656,2026-05-19T23:03:42,1,disturbance,1,storm,False
657,2026-05-19T01:36:03,1,accident,2,storm,False
658,2026-05-19T04:41:00,3,disturbance,2,storm,False
659,2026-05-19T00:30:48,3,disturbance,2,storm,False
660,2026-05-19T11:59:04,3,theft,1,storm,False
661,2026-05-19T22:43:34,3,disturbance,1,storm,False
662,2026-05-19T06:14:33,3,theft,1,storm,False
663,2026-05-19T11:41:15,3,accident,3,storm,False
664,2026-05-19T13:12:06,5,theft,1,storm,False
665,2026-05-19T23:05:58,5,assault,4,storm,False
666,2026-05-19T18:51:44,5,medical_emergency,1,storm,False
667,2026-05-19T06:21:04,5,theft,1,storm,False
668,2026-05-19T07:02:45,5,assault,4,storm,False
669,2026-05-19T06:41:58,5,theft,3,storm,False
670,2026-05-19T16:20:29,5,assault,4,storm,False
671,2026-05-19T12:09:14,6,theft,5,storm,False
672,2026-05-19T06:39:53,6,medical_emergency,2,storm,False
673,2026-05-19T22:33:07,6,disturbance,2,storm,False
674,2026-05-19T02:24:16,7,fire,4,storm,False
675,2026-05-19T22:29:05,7,theft,3,storm,False
676,2026-05-19T02:11:02,7,assault,3,storm,False
677,2026-05-19T00:04:00,7,accident,2,storm,False
678,2026-05-19T11:19:08,8,accident,5,storm,False
679,2026-05-19T22:57:41,8,accident,4,storm,False
680,2026-05-19T17:02:16,9,accident,1,storm,False
681,2026-05-19T02:05:01,9,assault,4,storm,False
682,2026-05-19T15:07:26,9,medical_emergency,1,storm,False
683,2026-05-19T11:21:32,9,accident,4,storm,False
684,2026-05-19T11:22:45,9,medical_emergency,5,storm,False
685,2026-05-20T10:15:20,0,fire,4,clear,False
686,2026-05-20T01:28:35,0,theft,1,clear,False
687,2026-05-20T07:04:31,0,disturbance,4,clear,False
688,2026-05-20T13:05:05,1,accident,2,clear,False
689,2026-05-20T18:18:47,1,theft,2,clear,False
690,2026-05-20T16:28:16,2,theft,4,clear,False
691,2026-05-20T16:01:11,2,theft,2,clear,False
692,2026-05-20T08:48:17,2,medical_emergency,4,clear,False
693,2026-05-20T21:31:22,2,assault,4,clear,False
694,2026-05-20T03:27:40,2,theft,2,clear,False
695,2026-05-20T12:06:12,3,theft,2,clear,False
696,2026-05-20T11:56:28,3,assault,3,clear,False
697,2026-05-20T13:40:10,3,accident,3,clear,False
698,2026-05-20T08:07:18,3,medical_emergency,3,clear,False
699,2026-05-20T08:26:52,4,disturbance,1,clear,False
700,2026-05-20T20:43:25,4,theft,2,clear,False
701,2026-05-20T14:00:17,4,disturbance,2,clear,False
702,2026-05-20T22:56:56,5,accident,4,clear,False
703,2026-05-20T12:26:23,5,theft,1,clear,False
704,2026-05-20T16:14:44,5,fire,1,clear,False
705,2026-05-20T20:55:04,5,theft,1,clear,False
706,2026-05-20T16:43:06,6,theft,2,clear,False
707,2026-05-20T18:39:32,6,theft,2,clear,False
708,2026-05-20T01:26:37,6,assault,2,clear,False
709,2026-05-20T01:47:16,6,theft,4,clear,False
710,2026-05-20T20:06:24,6,assault,4,clear,False
711,2026-05-20T08:09:52,6,medical_emergency,1,clear,False
712,2026-05-20T21:43:33,6,disturbance,3,clear,False
713,2026-05-20T03:33:26,7,assault,3,clear,False
714,2026-05-20T00:45:11,7,accident,3,clear,False
715,2026-05-20T01:02:08,7,assault,5,clear,False
716,2026-05-20T08:38:46,8,theft,5,clear,False
717,2026-05-20T07:56:04,8,disturbance,1,clear,False
718,2026-05-20T19:20:00,8,medical_emergency,4,clear,False
719,2026-05-20T09:17:04,8,accident,4,clear,False
720,2026-05-20T14:47:58,8,assault,3,clear,False
721,2026-05-20T19:26:28,8,medical_emergency,3,clear,False
722,2026-05-20T09:32:41,9,disturbance,2,clear,False
723,2026-05-20T04:44:47,9,accident,4,clear,False
724,2026-05-20T05:59:00,9,medical_emergency,3,clear,False
725,2026-05-20T22:51:34,9,accident,2,clear,False
726,2026-05-20T19:20:23,9,accident,4,clear,False
727,2026-05-20T09:51:23,9,assault,3,clear,False
728,2026-05-20T00:01:34,9,accident,4,clear,False
729,2026-05-21T19:45:50,0,medical_emergency,4,clear,False
730,2026-05-21T02:59:25,0,assault,3,clear,False
731,2026-05-21T16:06:58,0,theft,3,clear,False
732,2026-05-21T11:01:28,0,theft,1,clear,False
733,2026-05-21T00:09:36,0,disturbance,3,clear,False
734,2026-05-21T05:13:18,0,medical_emergency,2,clear,False
735,2026-05-21T08:53:26,0,medical_emergency,4,clear,False
736,2026-05-21T05:25:28,0,assault,3,clear,False
737,2026-05-21T23:59:27,0,theft,4,clear,False
738,2026-05-21T20:08:31,0,medical_emergency,2,clear,False
739,2026-05-21T06:17:32,0,disturbance,2,clear,False
740,2026-05-21T22:47:51,1,fire,5,clear,False
741,2026-05-21T00:28:10,1,disturbance,2,clear,False
742,2026-05-21T18:53:26,1,theft,2,clear,False
743,2026-05-21T06:19:25,1,assault,4,clear,False
744,2026-05-21T06:02:45,1,accident,2,clear,False
745,2026-05-21T02:29:26,2,disturbance,2,clear,False
746,2026-05-21T19:28:05,2,assault,4,clear,False
747,2026-05-21T06:02:44,2,fire,5,clear,False
748,2026-05-21T21:40:17,2,fire,4,clear,False
749,2026-05-21T06:07:26,2,medical_emergency,2,clear,False
750,2026-05-21T22:23:19,4,assault,4,clear,True
751,2026-05-21T12:36:34,4,disturbance,3,clear,True
752,2026-05-21T16:14:16,5,fire,4,clear,False
753,2026-05-21T17:27:20,5,disturbance,3,clear,False
754,2026-05-21T13:46:24,6,fire,4,clear,False
755,2026-05-21T11:35:04,6,theft,3,clear,False
756,2026-05-21T05:38:16,6,disturbance,2,clear,False
757,2026-05-21T17:01:26,6,disturbance,1,clear,False
758,2026-05-21T01:45:17,7,assault,5,clear,False
759,2026-05-21T22:12:45,7,assault,2,clear,False
760,2026-05-21T07:32:03,8,assault,5,clear,False
761,2026-05-21T06:25:58,9,theft,1,clear,False
762,2026-05-21T09:50:36,9,medical_emergency,2,clear,False
763,2026-05-21T17:17:47,9,assault,4,clear,False
764,2026-05-21T21:17:16,9,assault,3,clear,False
765,2026-05-22T18:05:36,0,assault,5,clear,False
766,2026-05-22T14:14:36,0,assault,1,clear,False
767,2026-05-22T14:05:59,0,medical_emergency,4,clear,False
768,2026-05-22T10:29:01,0,assault,1,clear,False
769,2026-05-22T12:03:14,1,theft,2,clear,False
770,2026-05-22T16:42:52,1,medical_emergency,4,clear,False
771,2026-05-22T04:45:53,1,fire,5,clear,False
772,2026-05-22T20:24:48,1,disturbance,3,clear,False
773,2026-05-22T17:49:36,2,accident,5,clear,False
774,2026-05-22T05:32:56,2,accident,4,clear,False
775,2026-05-22T05:54:54,2,medical_emergency,3,clear,False
776,2026-05-22T04:28:43,2,fire,3,clear,False
777,2026-05-22T23:47:27,2,assault,2,clear,False
778,2026-05-22T04:34:12,3,disturbance,2,clear,False
779,2026-05-22T20:05:09,3,medical_emergency,3,clear,False
780,2026-05-22T18:28:15,3,medical_emergency,2,clear,False
781,2026-05-22T06:16:09,3,disturbance,1,clear,False
782,2026-05-22T23:25:47,4,assault,1,clear,False
783,2026-05-22T08:29:48,5,accident,2,clear,False
784,2026-05-22T18:29:50,5,fire,2,clear,False
785,2026-05-22T06:55:41,5,theft,2,clear,False
786,2026-05-22T22:55:20,5,disturbance,1,clear,False
787,2026-05-22T14:41:00,5,theft,2,clear,False
788,2026-05-22T00:07:39,5,theft,2,clear,False
789,2026-05-22T13:38:00,5,accident,3,clear,False
790,2026-05-22T06:04:18,5,theft,1,clear,False
791,2026-05-22T01:09:37,6,accident,4,clear,False
792,2026-05-22T22:43:25,7,medical_emergency,1,clear,False
793,2026-05-22T07:23:08,7,assault,2,clear,False
794,2026-05-22T16:17:16,8,accident,4,clear,False
795,2026-05-22T03:19:36,8,disturbance,3,clear,False
796,2026-05-22T11:33:28,8,accident,3,clear,False
797,2026-05-22T06:17:59,8,medical_emergency,3,clear,False
798,2026-05-22T00:30:14,9,disturbance,3,clear,False
799,2026-05-22T01:16:56,9,assault,2,clear,False
800,2026-05-22T08:15:13,9,assault,4,clear,False
801,2026-05-22T09:48:26,9,medical_emergency,4,clear,False
802,2026-05-22T01:53:40,9,medical_emergency,1,clear,False
803,2026-05-22T00:20:16,9,disturbance,2,clear,False
804,2026-05-22T13:40:28,9,theft,2,clear,False
805,2026-05-23T13:59:09,0,medical_emergency,1,clear,False
806,2026-05-23T22:21:43,0,theft,2,clear,False
807,2026-05-23T13:59:25,1,disturbance,4,clear,False
808,2026-05-23T06:28:30,1,theft,3,clear,False
809,2026-05-23T17:31:44,1,disturbance,3,clear,False
810,2026-05-23T07:32:11,1,medical_emergency,1,clear,False
811,2026-05-23T05:31:05,2,assault,4,clear,False
812,2026-05-23T19:41:49,2,disturbance,2,clear,False
813,2026-05-23T09:31:46,3,medical_emergency,3,clear,False
814,2026-05-23T10:10:20,3,theft,4,clear,False
815,2026-05-23T06:55:14,3,theft,2,clear,False
816,2026-05-23T12:05:54,3,disturbance,1,clear,False
817,2026-05-23T15:31:42,3,accident,4,clear,False
818,2026-05-23T00:24:29,4,assault,4,clear,False
819,2026-05-23T22:11:49,5,assault,4,clear,False
820,2026-05-23T04:37:56,6,medical_emergency,5,clear,False
821,2026-05-23T18:42:12,6,theft,2,clear,False
822,2026-05-23T23:03:23,6,disturbance,1,clear,False
823,2026-05-23T08:18:59,6,theft,3,clear,False
824,2026-05-23T06:11:25,7,medical_emergency,2,clear,False
825,2026-05-23T23:31:37,8,assault,1,clear,False
826,2026-05-23T04:41:29,8,theft,1,clear,False
827,2026-05-23T01:34:13,9,assault,3,clear,False
828,2026-05-23T01:03:59,9,assault,3,clear,False
829,2026-05-24T05:00:43,0,theft,2,storm,False
830,2026-05-24T08:16:21,0,theft,3,storm,False
831,2026-05-24T22:51:34,0,assault,3,storm,False
832,2026-05-24T04:24:09,0,medical_emergency,2,storm,False
833,2026-05-24T04:55:15,1,theft,2,storm,False
834,2026-05-24T13:57:05,1,assault,3,storm,False
835,2026-05-24T09:18:15,2,disturbance,3,storm,False
836,2026-05-24T22:36:28,2,accident,4,storm,False
837,2026-05-24T01:23:31,3,assault,4,storm,False
838,2026-05-24T09:30:45,3,accident,3,storm,False
839,2026-05-24T16:08:31,3,disturbance,2,storm,False
840,2026-05-24T06:20:22,3,assault,2,storm,False
841,2026-05-24T01:43:10,3,disturbance,3,storm,False
842,2026-05-24T13:25:48,4,disturbance,2,storm,False
843,2026-05-24T11:58:26,4,accident,2,storm,False
844,2026-05-24T14:39:16,4,theft,3,storm,False
845,2026-05-24T14:25:48,5,assault,1,storm,False
846,2026-05-24T09:03:09,5,accident,4,storm,False
847,2026-05-24T22:27:17,5,medical_emergency,2,storm,False
848,2026-05-24T17:52:55,5,medical_emergency,3,storm,False
849,2026-05-24T11:06:26,6,accident,5,storm,False
850,2026-05-24T04:12:35,6,assault,3,storm,False
851,2026-05-24T03:37:26,6,accident,5,storm,False
852,2026-05-24T07:57:42,7,disturbance,1,storm,False
853,2026-05-24T01:43:18,7,disturbance,2,storm,False
854,2026-05-24T07:31:29,8,disturbance,2,storm,False
855,2026-05-24T16:57:24,8,accident,5,storm,False
856,2026-05-24T09:02:31,8,fire,3,storm,False
857,2026-05-24T19:28:38,8,accident,5,storm,False
858,2026-05-24T17:08:30,8,accident,3,storm,False
859,2026-05-24T02:30:10,9,disturbance,3,storm,False
860,2026-05-25T19:05:41,0,theft,1,clear,False
861,2026-05-25T18:26:29,0,medical_emergency,2,clear,False
862,2026-05-25T12:43:34,0,medical_emergency,3,clear,False
863,2026-05-25T16:27:38,2,theft,2,clear,False
864,2026-05-25T06:38:27,3,assault,3,clear,False
865,2026-05-25T21:57:15,3,accident,5,clear,False
866,2026-05-25T07:20:36,3,accident,4,clear,False
867,2026-05-25T13:59:11,3,accident,5,clear,False
868,2026-05-25T17:56:29,5,theft,1,clear,False
869,2026-05-25T05:04:36,5,accident,4,clear,False
870,2026-05-25T20:55:07,5,assault,3,clear,False
871,2026-05-25T02:53:40,5,theft,1,clear,False
872,2026-05-25T04:44:12,6,theft,2,clear,False
873,2026-05-25T18:41:15,6,assault,3,clear,False
874,2026-05-25T02:04:40,6,medical_emergency,2,clear,False
875,2026-05-25T08:04:28,6,fire,4,clear,False
876,2026-05-25T04:29:09,6,theft,2,clear,False
877,2026-05-25T21:10:44,7,medical_emergency,2,clear,False
878,2026-05-25T23:23:46,7,theft,3,clear,False
879,2026-05-25T11:23:37,8,disturbance,2,clear,False
880,2026-05-25T15:58:11,9,disturbance,1,clear,False
881,2026-05-25T14:48:09,9,assault,2,clear,False
882,2026-05-25T04:40:04,9,medical_emergency,4,clear,False
883,2026-05-25T20:01:55,9,medical_emergency,5,clear,False
884,2026-05-25T06:26:16,9,fire,5,clear,False
885,2026-05-26T21:02:53,0,medical_emergency,4,rain,False
886,2026-05-26T06:58:21,0,accident,1,rain,False
887,2026-05-26T03:36:56,0,theft,4,rain,False
888,2026-05-26T03:34:59,0,disturbance,1,rain,False
889,2026-05-26T21:36:11,0,theft,1,rain,False
890,2026-05-26T01:24:24,0,accident,5,rain,False
891,2026-05-26T04:26:17,0,medical_emergency,3,rain,False
892,2026-05-26T16:11:59,0,medical_emergency,4,rain,False
893,2026-05-26T07:21:23,0,theft,1,rain,False
894,2026-05-26T13:00:37,0,assault,5,rain,False
895,2026-05-26T10:37:01,1,disturbance,3,rain,False
896,2026-05-26T20:54:33,1,medical_emergency,4,rain,False
897,2026-05-26T00:37:53,1,theft,1,rain,False
898,2026-05-26T13:22:50,1,theft,3,rain,False
899,2026-05-26T21:28:15,2,disturbance,1,rain,False
900,2026-05-26T00:34:48,2,theft,2,rain,False
901,2026-05-26T21:07:05,2,theft,2,rain,False
902,2026-05-26T05:29:53,3,accident,2,rain,False
903,2026-05-26T05:41:41,3,fire,3,rain,False
904,2026-05-26T11:45:32,3,accident,3,rain,False
905,2026-05-26T22:39:35,3,fire,4,rain,False
906,2026-05-26T02:26:08,3,medical_emergency,3,rain,False
907,2026-05-26T17:25:24,3,assault,2,rain,False
908,2026-05-26T12:12:10,3,theft,2,rain,False
909,2026-05-26T05:01:17,4,medical_emergency,2,rain,False
910,2026-05-26T05:30:54,4,medical_emergency,4,rain,False
911,2026-05-26T12:12:14,5,accident,4,rain,False
912,2026-05-26T15:36:10,5,medical_emergency,3,rain,False
913,2026-05-26T10:45:40,5,theft,3,rain,False
914,2026-05-26T19:33:55,6,medical_emergency,3,rain,False
915,2026-05-26T11:22:29,6,disturbance,1,rain,False
916,2026-05-26T08:56:00,8,accident,4,rain,False
917,2026-05-26T06:00:38,8,medical_emergency,2,rain,False
918,2026-05-26T04:17:01,9,theft,1,rain,False
919,2026-05-26T23:18:06,9,disturbance,3,rain,False
920,2026-05-26T08:48:49,9,medical_emergency,3,rain,False
921,2026-05-26T09:14:27,9,assault,3,rain,False
922,2026-05-27T00:34:58,0,theft,3,clear,False
923,2026-05-27T14:39:14,0,accident,4,clear,False
924,2026-05-27T08:18:02,0,theft,2,clear,False
925,2026-05-27T16:49:21,0,medical_emergency,3,clear,False
926,2026-05-27T07:51:09,0,fire,3,clear,False
927,2026-05-27T14:09:53,0,accident,5,clear,False
928,2026-05-27T05:22:32,1,medical_emergency,3,clear,False
929,2026-05-27T21:14:26,1,disturbance,5,clear,False
930,2026-05-27T11:42:14,1,accident,4,clear,False
931,2026-05-27T18:17:52,2,medical_emergency,3,clear,False
932,2026-05-27T20:00:16,2,fire,2,clear,False
933,2026-05-27T00:21:13,2,medical_emergency,3,clear,False
934,2026-05-27T20:47:27,3,medical_emergency,3,clear,False
935,2026-05-27T02:19:51,5,accident,4,clear,False
936,2026-05-27T21:13:18,5,theft,1,clear,False
937,2026-05-27T15:25:58,5,assault,4,clear,False
938,2026-05-27T05:50:14,6,accident,4,clear,False
939,2026-05-27T23:33:36,6,disturbance,2,clear,False
940,2026-05-27T15:06:05,6,medical_emergency,3,clear,False
941,2026-05-27T00:39:06,6,disturbance,1,clear,False
942,2026-05-27T08:24:59,6,theft,1,clear,False
943,2026-05-27T16:58:27,7,theft,3,clear,False
944,2026-05-27T06:14:00,7,theft,3,clear,False
945,2026-05-27T08:42:00,8,fire,3,clear,False
946,2026-05-27T06:33:39,8,disturbance,1,clear,False
947,2026-05-27T23:45:55,8,theft,2,clear,False
948,2026-05-27T13:49:09,8,assault,5,clear,False
949,2026-05-27T16:21:18,8,disturbance,1,clear,False
950,2026-05-27T19:56:50,9,accident,4,clear,False
951,2026-05-27T17:58:04,9,accident,4,clear,False
952,2026-05-28T12:12:10,0,fire,4,storm,False
953,2026-05-28T21:19:20,0,medical_emergency,3,storm,False
954,2026-05-28T22:21:41,0,fire,4,storm,False
955,2026-05-28T17:19:43,0,accident,3,storm,False
956,2026-05-28T02:25:18,0,fire,5,storm,False
957,2026-05-28T01:40:33,0,medical_emergency,2,storm,False
958,2026-05-28T06:38:56,1,medical_emergency,2,storm,False
959,2026-05-28T18:38:38,1,disturbance,1,storm,False
960,2026-05-28T14:09:26,2,assault,2,storm,False
961,2026-05-28T14:19:57,2,assault,4,storm,False
962,2026-05-28T01:00:28,3,assault,1,storm,False
963,2026-05-28T10:02:41,3,assault,5,storm,False
964,2026-05-28T22:50:27,3,assault,3,storm,False
965,2026-05-28T16:07:24,4,medical_emergency,4,storm,False
966,2026-05-28T21:27:09,4,theft,2,storm,False
967,2026-05-28T10:34:56,5,medical_emergency,4,storm,False
968,2026-05-28T08:41:09,5,disturbance,2,storm,False
969,2026-05-28T10:18:02,5,theft,1,storm,False
970,2026-05-28T15:43:56,6,theft,4,storm,False
971,2026-05-28T22:02:46,6,accident,4,storm,False
972,2026-05-28T23:46:43,7,medical_emergency,4,storm,False
973,2026-05-28T09:40:14,8,medical_emergency,3,storm,False
974,2026-05-28T12:58:26,8,accident,5,storm,False
975,2026-05-28T18:20:50,8,medical_emergency,1,storm,False
976,2026-05-28T07:26:10,8,theft,2,storm,False
977,2026-05-28T01:11:03,9,assault,3,storm,False
978,2026-05-28T12:11:32,9,theft,2,storm,False
979,2026-05-28T17:16:46,9,medical_emergency,1,storm,False
980,2026-05-28T08:03:36,9,accident,3,storm,False
981,2026-05-28T18:24:07,9,medical_emergency,5,storm,False
982,2026-05-29T08:01:13,0,accident,3,clear,False
983,2026-05-29T10:46:13,0,assault,1,clear,False
984,2026-05-29T00:23:52,0,assault,4,clear,False
985,2026-05-29T22:06:01,0,assault,3,clear,False
986,2026-05-29T08:51:30,1,disturbance,2,clear,False
987,2026-05-29T11:55:40,1,medical_emergency,3,clear,False
988,2026-05-29T06:44:12,1,accident,4,clear,False
989,2026-05-29T13:42:38,1,accident,3,clear,False
990,2026-05-29T00:47:04,1,assault,1,clear,False
991,2026-05-29T18:16:39,2,accident,3,clear,False
992,2026-05-29T23:48:01,3,accident,3,clear,False
993,2026-05-29T18:16:13,3,fire,3,clear,False
994,2026-05-29T04:40:50,3,theft,2,clear,False
995,2026-05-29T13:45:25,3,medical_emergency,2,clear,False
996,2026-05-29T01:58:43,3,medical_emergency,4,clear,False
997,2026-05-29T01:24:24,3,accident,3,clear,False
998,2026-05-29T13:43:30,4,theft,1,clear,False
999,2026-05-29T23:32:26,4,medical_emergency,4,clear,False
1000,2026-05-29T06:58:24,4,accident,4,clear,False
1001,2026-05-29T07:24:50,4,theft,2,clear,False
1002,2026-05-29T18:24:00,5,disturbance,1,clear,False
1003,2026-05-29T19:07:26,5,theft,4,clear,False
1004,2026-05-29T10:16:23,5,theft,2,clear,False
1005,2026-05-29T00:18:25,5,theft,3,clear,False
1006,2026-05-29T03:22:43,5,disturbance,1,clear,False
1007,2026-05-29T03:56:36,6,medical_emergency,3,clear,False
1008,2026-05-29T00:07:53,6,assault,3,clear,False
1009,2026-05-29T14:17:55,7,theft,2,clear,False
1010,2026-05-29T15:31:41,7,medical_emergency,2,clear,False
1011,2026-05-29T05:35:47,7,medical_emergency,3,clear,False
1012,2026-05-29T05:21:20,8,medical_emergency,3,clear,False
1013,2026-05-29T16:51:06,8,disturbance,1,clear,False
1014,2026-05-29T16:19:13,8,assault,5,clear,False
1015,2026-05-29T04:28:37,9,theft,2,clear,False
1016,2026-05-29T21:37:17,9,accident,3,clear,False
1017,2026-05-29T21:10:59,9,disturbance,3,clear,False
1018,2026-05-30T13:54:56,0,medical_emergency,2,rain,False
1019,2026-05-30T20:19:07,0,disturbance,3,rain,False
1020,2026-05-30T16:59:23,0,disturbance,2,rain,False
1021,2026-05-30T13:52:50,1,medical_emergency,2,rain,False
1022,2026-05-30T05:16:15,2,accident,4,rain,False
1023,2026-05-30T11:37:52,2,theft,2,rain,False
1024,2026-05-30T17:23:51,2,accident,2,rain,False
1025,2026-05-30T13:48:48,3,accident,4,rain,False
1026,2026-05-30T15:17:44,3,accident,3,rain,False
1027,2026-05-30T14:14:56,3,fire,3,rain,False
1028,2026-05-30T05:42:09,4,accident,2,rain,False
1029,2026-05-30T01:29:20,4,assault,2,rain,False
1030,2026-05-30T00:48:04,5,accident,4,rain,False
1031,2026-05-30T04:19:24,5,disturbance,2,rain,False
1032,2026-05-30T09:11:19,6,theft,2,rain,False
1033,2026-05-30T14:37:15,6,theft,4,rain,False
1034,2026-05-30T02:16:42,6,theft,4,rain,False
1035,2026-05-30T11:21:55,6,accident,3,rain,False
1036,2026-05-30T04:33:36,6,medical_emergency,2,rain,False
1037,2026-05-30T08:13:38,6,accident,4,rain,False
1038,2026-05-30T03:58:43,8,accident,3,rain,False
1039,2026-05-30T18:11:47,8,assault,3,rain,False
1040,2026-05-30T11:35:55,8,accident,3,rain,False
1041,2026-05-30T08:50:19,8,disturbance,3,rain,False
1042,2026-05-30T15:25:19,8,accident,3,rain,False
1043,2026-05-30T02:00:46,9,disturbance,1,rain,False
1044,2026-05-31T12:33:23,0,theft,2,rain,False
1045,2026-05-31T10:14:48,0,fire,3,rain,False
1046,2026-05-31T19:48:13,0,theft,5,rain,False
1047,2026-05-31T21:25:32,0,medical_emergency,1,rain,False
1048,2026-05-31T19:42:32,0,assault,3,rain,False
1049,2026-05-31T13:10:26,1,theft,2,rain,False
1050,2026-05-31T03:24:20,2,medical_emergency,2,rain,False
1051,2026-05-31T05:27:36,2,medical_emergency,5,rain,False
1052,2026-05-31T05:06:20,2,medical_emergency,1,rain,False
1053,2026-05-31T21:43:26,2,theft,2,rain,False
1054,2026-05-31T10:49:17,3,medical_emergency,5,rain,False
1055,2026-05-31T19:24:27,3,accident,3,rain,False
1056,2026-05-31T08:00:41,3,fire,4,rain,False
1057,2026-05-31T16:01:13,4,accident,5,rain,False
1058,2026-05-31T10:34:30,4,theft,1,rain,False
1059,2026-05-31T16:50:45,4,theft,2,rain,False
1060,2026-05-31T18:01:55,4,disturbance,1,rain,False
1061,2026-05-31T09:30:06,5,accident,3,rain,False
1062,2026-05-31T10:34:02,5,accident,4,rain,False
1063,2026-05-31T15:13:58,6,medical_emergency,4,rain,False
1064,2026-05-31T12:51:13,6,theft,1,rain,False
1065,2026-05-31T08:50:33,6,accident,4,rain,False
1066,2026-05-31T07:19:50,6,disturbance,2,rain,False
1067,2026-05-31T01:53:46,6,medical_emergency,4,rain,False
1068,2026-05-31T06:06:03,7,medical_emergency,2,rain,False
1069,2026-05-31T23:59:52,9,disturbance,1,rain,False
1070,2026-05-31T09:30:21,9,accident,4,rain,False
1071,2026-05-31T07:44:38,9,theft,2,rain,False
1072,2026-06-01T17:01:30,0,theft,1,rain,False
1073,2026-06-01T23:31:35,0,accident,3,rain,False
1074,2026-06-01T00:07:51,0,accident,2,rain,False
1075,2026-06-01T03:40:40,2,disturbance,5,rain,False
1076,2026-06-01T10:12:32,2,assault,4,rain,False
1077,2026-06-01T23:15:17,2,theft,1,rain,False
1078,2026-06-01T11:59:03,2,theft,1,rain,False
1079,2026-06-01T08:55:53,2,theft,1,rain,False
1080,2026-06-01T10:04:07,3,theft,1,rain,False
1081,2026-06-01T11:06:26,3,medical_emergency,1,rain,False
1082,2026-06-01T02:56:08,3,medical_emergency,3,rain,False
1083,2026-06-01T01:00:58,3,assault,2,rain,False
1084,2026-06-01T19:19:24,3,disturbance,2,rain,False
1085,2026-06-01T09:06:16,4,medical_emergency,3,rain,False
1086,2026-06-01T03:54:15,4,assault,3,rain,False
1087,2026-06-01T16:49:23,5,medical_emergency,1,rain,False
1088,2026-06-01T06:35:52,5,accident,4,rain,False
1089,2026-06-01T23:36:31,5,medical_emergency,3,rain,False
1090,2026-06-01T04:24:09,5,accident,4,rain,False
1091,2026-06-01T21:52:28,6,disturbance,2,rain,False
1092,2026-06-01T22:51:51,6,disturbance,3,rain,False
1093,2026-06-01T09:22:55,6,accident,4,rain,False
1094,2026-06-01T17:36:33,7,theft,3,rain,True
1095,2026-06-01T20:18:38,7,medical_emergency,2,rain,True
1096,2026-06-01T10:56:45,7,disturbance,3,rain,True
1097,2026-06-01T23:35:19,7,fire,3,rain,True
1098,2026-06-01T06:04:36,7,theft,2,rain,True
1099,2026-06-01T18:43:21,7,assault,1,rain,True
1100,2026-06-01T15:58:20,8,medical_emergency,2,rain,False
1101,2026-06-01T06:38:32,8,assault,3,rain,False
1102,2026-06-01T00:45:19,8,disturbance,2,rain,False
1103,2026-06-01T08:08:15,9,theft,2,rain,False
1104,2026-06-01T22:35:45,9,medical_emergency,2,rain,False
1105,2026-06-01T06:44:24,9,theft,1,rain,False
1106,2026-06-02T08:50:17,0,disturbance,2,rain,False
1107,2026-06-02T09:04:07,0,accident,4,rain,False
1108,2026-06-02T15:24:45,0,theft,4,rain,False
1109,2026-06-02T12:39:17,0,accident,5,rain,False
1110,2026-06-02T22:39:21,0,accident,3,rain,False
1111,2026-06-02T11:59:04,1,theft,2,rain,True
1112,2026-06-02T15:44:43,1,accident,3,rain,True
1113,2026-06-02T03:12:48,1,disturbance,1,rain,True
1114,2026-06-02T16:16:14,1,accident,2,rain,True
1115,2026-06-02T01:46:24,1,theft,1,rain,True
1116,2026-06-02T10:26:23,1,disturbance,2,rain,True
1117,2026-06-02T19:58:37,1,medical_emergency,3,rain,True
1118,2026-06-02T09:22:41,1,assault,3,rain,True
1119,2026-06-02T02:02:37,1,accident,3,rain,True
1120,2026-06-02T09:23:43,1,theft,2,rain,True
1121,2026-06-02T12:21:30,1,theft,1,rain,True
1122,2026-06-02T19:17:28,2,theft,3,rain,False
1123,2026-06-02T08:01:02,2,fire,2,rain,False
1124,2026-06-02T08:55:57,3,disturbance,3,rain,False
1125,2026-06-02T07:49:01,3,disturbance,3,rain,False
1126,2026-06-02T08:19:25,3,medical_emergency,3,rain,False
1127,2026-06-02T12:49:45,4,theft,4,rain,False
1128,2026-06-02T03:44:32,5,disturbance,2,rain,False
1129,2026-06-02T15:26:30,5,theft,2,rain,False
1130,2026-06-02T17:36:31,5,theft,4,rain,False
1131,2026-06-02T04:10:08,5,accident,2,rain,False
1132,2026-06-02T01:02:06,5,accident,2,rain,False
1133,2026-06-02T22:31:38,6,theft,2,rain,False
1134,2026-06-02T01:54:40,6,disturbance,1,rain,False
1135,2026-06-02T01:07:31,6,assault,3,rain,False
1136,2026-06-02T13:05:00,6,fire,1,rain,False
1137,2026-06-02T00:53:49,7,disturbance,4,rain,False
1138,2026-06-02T03:21:15,8,assault,5,rain,False
1139,2026-06-02T21:57:33,8,assault,1,rain,False
1140,2026-06-02T06:36:06,8,theft,2,rain,False
1141,2026-06-02T11:37:01,8,disturbance,2,rain,False
1142,2026-06-02T04:43:19,9,medical_emergency,3,rain,False
1143,2026-06-02T08:06:28,9,fire,3,rain,False
1144,2026-06-02T04:38:26,9,theft,2,rain,False
1145,2026-06-03T03:57:28,0,disturbance,2,clear,False
1146,2026-06-03T20:24:50,0,medical_emergency,2,clear,False
1147,2026-06-03T09:45:28,0,assault,4,clear,False
1148,2026-06-03T08:39:32,0,theft,5,clear,False
1149,2026-06-03T00:35:34,0,accident,4,clear,False
1150,2026-06-03T06:13:39,1,assault,2,clear,False
1151,2026-06-03T06:52:20,1,assault,3,clear,False
1152,2026-06-03T16:15:21,1,theft,4,clear,False
1153,2026-06-03T15:06:45,1,theft,4,clear,False
1154,2026-06-03T05:44:11,1,accident,2,clear,False
1155,2026-06-03T16:30:00,2,disturbance,2,clear,False
1156,2026-06-03T03:13:51,2,fire,4,clear,False
1157,2026-06-03T01:17:24,3,medical_emergency,3,clear,False
1158,2026-06-03T10:34:00,3,disturbance,2,clear,False
1159,2026-06-03T21:34:02,3,medical_emergency,5,clear,False
1160,2026-06-03T09:58:31,3,medical_emergency,3,clear,False
1161,2026-06-03T09:04:31,3,disturbance,4,clear,False
1162,2026-06-03T13:28:35,3,medical_emergency,1,clear,False
1163,2026-06-03T13:25:27,3,accident,1,clear,False
1164,2026-06-03T17:05:50,4,theft,2,clear,False
1165,2026-06-03T23:36:16,4,theft,2,clear,False
1166,2026-06-03T07:37:46,5,medical_emergency,4,clear,False
1167,2026-06-03T01:03:43,5,assault,3,clear,False
1168,2026-06-03T04:06:42,6,accident,3,clear,False
1169,2026-06-03T11:02:07,6,medical_emergency,2,clear,False
1170,2026-06-03T19:59:26,7,medical_emergency,1,clear,False
1171,2026-06-03T06:10:44,7,disturbance,2,clear,False
1172,2026-06-03T14:57:12,7,assault,2,clear,False
1173,2026-06-03T12:00:02,8,medical_emergency,1,clear,False
1174,2026-06-03T05:35:53,8,accident,3,clear,False
1175,2026-06-03T08:39:34,8,disturbance,3,clear,False
1176,2026-06-03T20:13:30,8,assault,3,clear,False
1177,2026-06-03T20:52:44,9,assault,2,clear,False
1178,2026-06-03T14:45:04,9,medical_emergency,1,clear,False
1179,2026-06-03T15:11:15,9,accident,5,clear,False
1180,2026-06-03T13:32:51,9,theft,2,clear,False
1181,2026-06-04T08:49:57,0,theft,1,rain,False
1182,2026-06-04T18:48:54,0,medical_emergency,3,rain,False
1183,2026-06-04T10:50:32,0,theft,2,rain,False
1184,2026-06-04T18:57:41,0,medical_emergency,5,rain,False
1185,2026-06-04T12:49:58,1,fire,2,rain,False
1186,2026-06-04T02:59:48,2,theft,4,rain,False
1187,2026-06-04T14:53:45,3,accident,5,rain,False
1188,2026-06-04T03:57:40,3,disturbance,3,rain,False
1189,2026-06-04T01:54:01,3,assault,4,rain,False
1190,2026-06-04T15:21:40,3,accident,5,rain,False
1191,2026-06-04T12:04:24,3,theft,5,rain,False
1192,2026-06-04T23:19:45,4,assault,4,rain,False
1193,2026-06-04T17:29:40,5,assault,1,rain,False
1194,2026-06-04T01:20:55,5,disturbance,3,rain,False
1195,2026-06-04T03:52:19,6,assault,3,rain,False
1196,2026-06-04T05:40:32,6,theft,3,rain,False
1197,2026-06-04T08:43:51,6,theft,5,rain,False
1198,2026-06-04T23:31:14,6,medical_emergency,4,rain,False
1199,2026-06-04T02:44:47,6,disturbance,3,rain,False
1200,2026-06-04T19:06:41,6,medical_emergency,4,rain,False
1201,2026-06-04T14:54:53,8,accident,3,rain,False
1202,2026-06-04T09:44:33,8,accident,4,rain,False
1203,2026-06-04T14:30:46,8,accident,4,rain,False
1204,2026-06-04T19:30:42,9,theft,3,rain,False
1205,2026-06-04T11:31:25,9,accident,3,rain,False
1206,2026-06-05T04:20:31,0,accident,3,clear,False
1207,2026-06-05T12:47:49,0,accident,3,clear,False
1208,2026-06-05T07:13:05,0,accident,4,clear,False
1209,2026-06-05T21:52:04,0,medical_emergency,3,clear,False
1210,2026-06-05T04:36:16,0,assault,3,clear,False
1211,2026-06-05T15:34:42,0,medical_emergency,4,clear,False
1212,2026-06-05T22:50:51,1,disturbance,5,clear,False
1213,2026-06-05T14:49:26,3,medical_emergency,3,clear,False
1214,2026-06-05T13:59:40,4,accident,4,clear,False
1215,2026-06-05T13:19:07,4,disturbance,3,clear,False
1216,2026-06-05T03:06:28,5,theft,1,clear,False
1217,2026-06-05T13:36:58,5,theft,3,clear,False
1218,2026-06-05T06:29:47,5,assault,2,clear,False
1219,2026-06-05T11:09:07,6,disturbance,1,clear,False
1220,2026-06-05T23:32:50,6,accident,4,clear,False
1221,2026-06-05T12:01:08,6,accident,2,clear,False
1222,2026-06-05T20:42:08,7,disturbance,1,clear,False
1223,2026-06-05T18:08:33,8,fire,2,clear,False
1224,2026-06-05T12:33:35,8,theft,1,clear,False
1225,2026-06-05T15:47:14,8,accident,5,clear,False
1226,2026-06-05T07:08:44,8,medical_emergency,1,clear,False
1227,2026-06-05T19:18:30,8,medical_emergency,2,clear,False
1228,2026-06-05T19:05:16,9,assault,2,clear,False
1229,2026-06-05T05:33:38,9,theft,2,clear,False
1230,2026-06-05T15:37:35,9,disturbance,3,clear,False
1231,2026-06-05T19:08:28,9,disturbance,1,clear,False
1232,2026-06-06T06:48:32,0,medical_emergency,3,clear,False
1233,2026-06-06T02:04:51,0,disturbance,2,clear,False
1234,2026-06-06T00:09:18,0,theft,2,clear,False
1235,2026-06-06T23:41:08,0,assault,4,clear,False
1236,2026-06-06T06:17:23,0,accident,4,clear,False
1237,2026-06-06T09:02:10,0,medical_emergency,5,clear,False
1238,2026-06-06T23:08:32,1,disturbance,2,clear,False
1239,2026-06-06T06:49:40,1,assault,4,clear,False
1240,2026-06-06T08:32:57,1,theft,2,clear,False
1241,2026-06-06T11:41:58,2,fire,5,clear,False
1242,2026-06-06T13:30:03,3,accident,2,clear,False
1243,2026-06-06T03:29:22,3,accident,5,clear,False
1244,2026-06-06T18:58:42,3,disturbance,3,clear,False
1245,2026-06-06T22:00:43,3,accident,2,clear,False
1246,2026-06-06T01:30:44,3,theft,3,clear,False
1247,2026-06-06T16:56:43,3,fire,5,clear,False
1248,2026-06-06T03:12:10,4,theft,4,clear,False
1249,2026-06-06T10:22:16,4,medical_emergency,1,clear,False
1250,2026-06-06T00:27:54,4,fire,5,clear,False
1251,2026-06-06T09:27:49,5,theft,3,clear,False
1252,2026-06-06T23:49:23,5,accident,3,clear,False
1253,2026-06-06T03:32:15,6,disturbance,1,clear,False
1254,2026-06-06T00:39:34,6,theft,1,clear,False
1255,2026-06-06T05:48:52,6,disturbance,3,clear,False
1256,2026-06-06T09:18:29,7,assault,5,clear,False
1257,2026-06-06T08:55:01,8,theft,1,clear,False
1258,2026-06-06T04:42:37,8,disturbance,2,clear,False
1259,2026-06-06T02:51:07,9,assault,1,clear,False
1260,2026-06-07T13:03:06,0,accident,2,clear,False
1261,2026-06-07T01:36:43,0,accident,5,clear,False
1262,2026-06-07T08:01:38,0,theft,2,clear,False
1263,2026-06-07T09:08:32,0,medical_emergency,2,clear,False
1264,2026-06-07T20:36:05,1,medical_emergency,3,clear,False
1265,2026-06-07T12:22:33,1,assault,5,clear,False
1266,2026-06-07T09:40:07,1,accident,3,clear,False
1267,2026-06-07T12:51:30,1,theft,1,clear,False
1268,2026-06-07T08:58:00,2,assault,2,clear,False
1269,2026-06-07T22:32:19,2,theft,1,clear,False
1270,2026-06-07T15:52:10,3,fire,3,clear,False
1271,2026-06-07T03:26:46,3,assault,2,clear,False
1272,2026-06-07T02:41:39,3,accident,4,clear,False
1273,2026-06-07T04:21:12,4,assault,3,clear,False
1274,2026-06-07T02:16:00,4,medical_emergency,1,clear,False
1275,2026-06-07T07:55:55,4,accident,4,clear,False
1276,2026-06-07T08:50:39,4,accident,5,clear,False
1277,2026-06-07T15:36:00,4,medical_emergency,2,clear,False
1278,2026-06-07T16:35:21,5,fire,4,clear,False
1279,2026-06-07T23:22:58,5,medical_emergency,1,clear,False
1280,2026-06-07T12:41:11,5,disturbance,3,clear,False
1281,2026-06-07T02:43:42,5,disturbance,2,clear,False
1282,2026-06-07T14:28:47,6,theft,2,clear,False
1283,2026-06-07T14:08:03,6,medical_emergency,5,clear,False
1284,2026-06-07T12:29:11,6,medical_emergency,3,clear,False
1285,2026-06-07T06:08:04,6,accident,3,clear,False
1286,2026-06-07T06:37:35,8,accident,3,clear,False
1287,2026-06-07T08:41:24,9,theft,2,clear,False
1288,2026-06-07T10:02:08,9,theft,2,clear,False
1289,2026-06-08T11:54:49,0,medical_emergency,4,clear,False
1290,2026-06-08T05:37:25,0,assault,1,clear,False
1291,2026-06-08T19:40:57,0,disturbance,2,clear,False
1292,2026-06-08T15:10:47,0,theft,1,clear,False
1293,2026-06-08T06:56:14,1,fire,4,clear,False
1294,2026-06-08T09:34:55,2,assault,5,clear,False
1295,2026-06-08T23:39:42,2,theft,2,clear,False
1296,2026-06-08T05:22:50,3,accident,3,clear,False
1297,2026-06-08T04:04:10,3,disturbance,1,clear,False
1298,2026-06-08T00:39:39,4,disturbance,1,clear,True
1299,2026-06-08T04:44:41,4,theft,3,clear,True
1300,2026-06-08T06:59:50,4,assault,1,clear,True
1301,2026-06-08T04:33:16,4,medical_emergency,5,clear,True
1302,2026-06-08T08:49:12,5,theft,5,clear,False
1303,2026-06-08T22:29:20,5,medical_emergency,2,clear,False
1304,2026-06-08T17:26:50,5,theft,3,clear,False
1305,2026-06-08T01:20:19,5,disturbance,1,clear,False
1306,2026-06-08T20:08:41,5,fire,3,clear,False
1307,2026-06-08T00:30:52,5,medical_emergency,4,clear,False
1308,2026-06-08T11:14:22,5,medical_emergency,2,clear,False
1309,2026-06-08T17:51:22,5,theft,2,clear,False
1310,2026-06-08T04:52:22,6,medical_emergency,4,clear,False
1311,2026-06-08T06:25:35,6,assault,2,clear,False
1312,2026-06-08T17:05:52,6,disturbance,4,clear,False
1313,2026-06-08T08:27:58,6,assault,4,clear,False
1314,2026-06-08T22:44:41,6,disturbance,2,clear,False
1315,2026-06-08T21:46:23,6,disturbance,3,clear,False
1316,2026-06-08T10:50:28,7,fire,4,clear,False
1317,2026-06-08T13:20:25,7,accident,4,clear,False
1318,2026-06-08T03:27:52,8,medical_emergency,4,clear,False
1319,2026-06-08T06:03:50,8,fire,4,clear,False
1320,2026-06-08T06:40:52,8,theft,1,clear,False
1321,2026-06-08T04:52:55,9,theft,1,clear,False
1322,2026-06-08T23:32:37,9,assault,2,clear,False
1323,2026-06-08T23:19:03,9,theft,2,clear,False
1324,2026-06-08T18:01:33,9,accident,2,clear,False
1325,2026-06-08T12:48:06,9,theft,1,clear,False
1326,2026-06-08T00:07:43,9,medical_emergency,2,clear,False
1327,2026-06-09T09:45:31,0,medical_emergency,5,storm,False
1328,2026-06-09T12:19:12,0,theft,2,storm,False
1329,2026-06-09T02:52:37,0,accident,3,storm,False
1330,2026-06-09T12:13:23,1,theft,1,storm,False
1331,2026-06-09T03:28:35,1,theft,2,storm,False
1332,2026-06-09T10:52:18,2,medical_emergency,3,storm,False
1333,2026-06-09T20:51:41,2,medical_emergency,3,storm,False
1334,2026-06-09T21:21:45,3,medical_emergency,3,storm,False
1335,2026-06-09T02:17:26,3,assault,3,storm,False
1336,2026-06-09T06:44:28,3,accident,4,storm,False
1337,2026-06-09T02:43:55,3,medical_emergency,4,storm,False
1338,2026-06-09T05:51:44,4,disturbance,1,storm,False
1339,2026-06-09T14:57:03,4,disturbance,2,storm,False
1340,2026-06-09T14:34:06,4,fire,4,storm,False
1341,2026-06-09T11:14:05,5,medical_emergency,4,storm,False
1342,2026-06-09T11:00:58,5,disturbance,3,storm,False
1343,2026-06-09T06:59:19,6,assault,4,storm,False
1344,2026-06-09T20:05:00,6,theft,3,storm,False
1345,2026-06-09T15:26:14,6,medical_emergency,2,storm,False
1346,2026-06-09T14:15:02,7,theft,4,storm,False
1347,2026-06-09T16:35:00,7,medical_emergency,4,storm,False
1348,2026-06-09T03:12:08,7,assault,4,storm,False
1349,2026-06-09T00:28:45,7,accident,4,storm,False
1350,2026-06-09T05:08:59,8,assault,3,storm,False
1351,2026-06-09T04:18:13,8,theft,2,storm,False
1352,2026-06-09T02:18:42,8,assault,5,storm,False
1353,2026-06-09T12:10:02,9,theft,2,storm,False
1354,2026-06-10T12:56:16,0,medical_emergency,4,rain,False
1355,2026-06-10T07:51:55,0,theft,3,rain,False
1356,2026-06-10T01:26:51,0,theft,2,rain,False
1357,2026-06-10T16:08:07,0,disturbance,1,rain,False
1358,2026-06-10T10:31:56,0,assault,2,rain,False
1359,2026-06-10T14:26:45,0,accident,4,rain,False
1360,2026-06-10T12:56:45,1,accident,3,rain,False
1361,2026-06-10T09:58:56,1,fire,5,rain,False
1362,2026-06-10T14:20:28,1,accident,2,rain,False
1363,2026-06-10T17:15:51,1,theft,5,rain,False
1364,2026-06-10T20:44:41,1,medical_emergency,2,rain,False
1365,2026-06-10T09:26:46,1,accident,5,rain,False
1366,2026-06-10T08:33:01,2,theft,2,rain,False
1367,2026-06-10T19:43:06,3,theft,4,rain,False
1368,2026-06-10T05:29:42,3,theft,1,rain,False
1369,2026-06-10T03:06:18,4,fire,2,rain,False
1370,2026-06-10T09:37:00,5,theft,2,rain,False
1371,2026-06-10T04:54:22,5,accident,4,rain,False
1372,2026-06-10T04:36:03,5,accident,4,rain,False
1373,2026-06-10T15:52:27,5,medical_emergency,4,rain,False
1374,2026-06-10T06:44:20,6,disturbance,1,rain,False
1375,2026-06-10T17:37:17,6,theft,1,rain,False
1376,2026-06-10T00:44:39,6,disturbance,2,rain,False
1377,2026-06-10T13:59:17,6,accident,4,rain,False
1378,2026-06-10T12:19:08,7,assault,5,rain,False
1379,2026-06-10T19:50:47,7,assault,4,rain,False
1380,2026-06-10T19:53:50,7,medical_emergency,2,rain,False
1381,2026-06-10T00:22:28,7,assault,3,rain,False
1382,2026-06-10T10:48:53,8,assault,5,rain,True
1383,2026-06-10T08:33:46,8,medical_emergency,3,rain,True
1384,2026-06-10T01:22:27,8,disturbance,3,rain,True
1385,2026-06-10T00:16:29,8,assault,2,rain,True
1386,2026-06-10T17:17:37,8,medical_emergency,2,rain,True
1387,2026-06-10T11:58:53,8,theft,2,rain,True
1388,2026-06-10T11:35:36,8,theft,2,rain,True
1389,2026-06-10T10:09:52,8,theft,4,rain,True
1390,2026-06-10T07:22:50,8,accident,4,rain,True
1391,2026-06-10T15:44:21,8,disturbance,3,rain,True
1392,2026-06-10T10:19:25,9,medical_emergency,1,rain,True
1393,2026-06-10T00:23:08,9,theft,1,rain,True
1394,2026-06-10T18:32:32,9,medical_emergency,4,rain,True
1395,2026-06-10T18:51:36,9,accident,2,rain,True
1396,2026-06-10T23:13:47,9,theft,2,rain,True
1397,2026-06-10T09:19:18,9,medical_emergency,2,rain,True
1398,2026-06-10T01:21:05,9,theft,1,rain,True
1399,2026-06-10T08:36:06,9,medical_emergency,3,rain,True
1400,2026-06-10T16:01:46,9,theft,1,rain,True
1401,2026-06-10T14:54:21,9,medical_emergency,1,rain,True
1402,2026-06-10T19:53:14,9,disturbance,2,rain,True
1403,2026-06-10T23:02:57,9,accident,5,rain,True
1404,2026-06-11T16:03:32,0,assault,3,clear,False
1405,2026-06-11T04:21:04,0,accident,3,clear,False
1406,2026-06-11T09:34:39,0,accident,2,clear,False
1407,2026-06-11T02:30:42,0,medical_emergency,4,clear,False
1408,2026-06-11T18:47:19,0,disturbance,2,clear,False
1409,2026-06-11T01:42:11,0,accident,4,clear,False
1410,2026-06-11T13:06:33,0,accident,2,clear,False
1411,2026-06-11T22:09:17,0,assault,4,clear,False
1412,2026-06-11T11:16:46,0,assault,5,clear,False
1413,2026-06-11T15:17:43,1,assault,2,clear,False
1414,2026-06-11T12:35:11,1,theft,2,clear,False
1415,2026-06-11T02:07:58,1,fire,4,clear,False
1416,2026-06-11T22:46:34,1,medical_emergency,1,clear,False
1417,2026-06-11T15:51:45,2,medical_emergency,4,clear,False
1418,2026-06-11T11:20:59,3,theft,2,clear,False
1419,2026-06-11T21:53:05,3,accident,5,clear,False
1420,2026-06-11T17:47:04,3,assault,4,clear,False
1421,2026-06-11T14:13:23,3,medical_emergency,2,clear,False
1422,2026-06-11T22:47:14,4,theft,2,clear,False
1423,2026-06-11T04:19:19,4,theft,1,clear,False
1424,2026-06-11T05:05:19,4,disturbance,1,clear,False
1425,2026-06-11T11:38:22,5,medical_emergency,3,clear,False
1426,2026-06-11T13:08:13,5,medical_emergency,2,clear,False
1427,2026-06-11T10:30:43,5,theft,2,clear,False
1428,2026-06-11T16:05:48,6,accident,3,clear,False
1429,2026-06-11T19:36:28,7,medical_emergency,3,clear,False
1430,2026-06-11T07:13:09,7,theft,1,clear,False
1431,2026-06-11T02:07:51,7,disturbance,1,clear,False
1432,2026-06-11T14:16:44,8,medical_emergency,4,clear,False
1433,2026-06-11T19:48:26,8,fire,3,clear,False
1434,2026-06-11T17:25:44,8,medical_emergency,3,clear,False
1435,2026-06-11T01:44:02,8,disturbance,2,clear,False
1436,2026-06-11T15:20:15,9,assault,2,clear,False
1437,2026-06-11T12:54:42,9,assault,5,clear,False
1438,2026-06-11T05:16:41,9,accident,4,clear,False
1439,2026-06-11T16:38:52,9,accident,5,clear,False
1440,2026-06-11T13:15:42,9,theft,1,clear,False
1441,2026-06-12T21:37:15,0,accident,3,clear,False
1442,2026-06-12T06:14:54,0,medical_emergency,2,clear,False
1443,2026-06-12T06:21:26,0,theft,2,clear,False
1444,2026-06-12T09:13:32,0,theft,2,clear,False
1445,2026-06-12T20:10:44,0,medical_emergency,3,clear,False
1446,2026-06-12T18:50:57,0,assault,2,clear,False
1447,2026-06-12T07:33:52,0,theft,3,clear,False
1448,2026-06-12T04:37:58,0,accident,4,clear,False
1449,2026-06-12T01:57:59,0,assault,4,clear,False
1450,2026-06-12T07:48:03,0,accident,4,clear,False
1451,2026-06-12T18:47:31,3,disturbance,3,clear,False
1452,2026-06-12T09:23:44,3,disturbance,3,clear,False
1453,2026-06-12T02:54:00,3,accident,4,clear,False
1454,2026-06-12T21:32:04,4,theft,2,clear,False
1455,2026-06-12T22:58:44,4,theft,3,clear,False
1456,2026-06-12T05:30:59,5,theft,2,clear,False
1457,2026-06-12T12:58:35,5,assault,3,clear,False
1458,2026-06-12T02:27:07,6,assault,2,clear,False
1459,2026-06-12T12:09:48,6,accident,2,clear,False
1460,2026-06-12T17:06:39,6,disturbance,4,clear,False
1461,2026-06-12T00:11:05,6,theft,1,clear,False
1462,2026-06-12T23:19:19,6,fire,3,clear,False
1463,2026-06-12T12:22:04,7,assault,2,clear,False
1464,2026-06-12T09:56:35,7,disturbance,1,clear,False
1465,2026-06-12T07:24:04,7,theft,1,clear,False
1466,2026-06-12T06:31:56,8,disturbance,3,clear,False
1467,2026-06-12T09:31:48,9,disturbance,2,clear,False
1468,2026-06-12T05:17:57,9,fire,2,clear,False
1469,2026-06-12T18:48:52,9,disturbance,3,clear,False
1470,2026-06-12T04:10:44,9,accident,4,clear,False
1471,2026-06-13T14:28:46,0,assault,2,clear,False
1472,2026-06-13T00:49:34,0,assault,2,clear,False
1473,2026-06-13T20:03:57,0,assault,1,clear,False
1474,2026-06-13T15:26:08,0,medical_emergency,2,clear,False
1475,2026-06-13T22:57:03,0,accident,4,clear,False
1476,2026-06-13T12:35:22,0,disturbance,4,clear,False
1477,2026-06-13T10:41:45,0,theft,3,clear,False
1478,2026-06-13T09:26:18,2,medical_emergency,4,clear,False
1479,2026-06-13T23:27:59,2,disturbance,1,clear,False
1480,2026-06-13T10:33:08,2,assault,4,clear,False
1481,2026-06-13T11:13:36,2,accident,2,clear,False
1482,2026-06-13T10:18:36,3,accident,4,clear,False
1483,2026-06-13T05:33:50,3,accident,5,clear,False
1484,2026-06-13T13:22:51,3,disturbance,3,clear,False
1485,2026-06-13T20:57:59,3,theft,1,clear,False
1486,2026-06-13T14:25:47,3,medical_emergency,3,clear,False
1487,2026-06-13T11:32:15,4,theft,2,clear,False
1488,2026-06-13T13:50:21,4,accident,4,clear,False
1489,2026-06-13T03:00:58,4,theft,5,clear,False
1490,2026-06-13T22:02:24,5,assault,1,clear,False
1491,2026-06-13T23:15:33,5,assault,2,clear,False
1492,2026-06-13T15:41:33,5,medical_emergency,2,clear,False
1493,2026-06-13T08:20:52,6,theft,5,clear,False
1494,2026-06-13T14:02:02,6,medical_emergency,3,clear,False
1495,2026-06-13T21:10:58,6,accident,4,clear,False
1496,2026-06-13T18:32:48,6,accident,4,clear,False
1497,2026-06-13T20:04:55,6,accident,4,clear,False
1498,2026-06-13T06:26:11,6,theft,1,clear,False
1499,2026-06-13T03:31:42,6,theft,3,clear,False
1500,2026-06-13T02:38:22,8,assault,2,clear,False
1501,2026-06-13T18:36:31,8,accident,3,clear,False
1502,2026-06-13T15:57:34,8,medical_emergency,4,clear,False
1503,2026-06-13T20:47:30,9,accident,4,clear,False
1504,2026-06-13T12:40:32,9,disturbance,3,clear,False
1505,2026-06-13T14:02:53,9,medical_emergency,5,clear,False
1506,2026-06-13T17:29:49,9,theft,4,clear,False
1507,2026-06-13T22:32:09,9,theft,2,clear,False
1508,2026-06-13T01:21:54,9,assault,4,clear,False
1509,2026-06-14T20:42:21,0,accident,3,clear,False
1510,2026-06-14T15:09:43,0,accident,4,clear,False
1511,2026-06-14T01:05:08,0,theft,1,clear,False
1512,2026-06-14T22:12:16,1,assault,3,clear,False
1513,2026-06-14T03:49:37,1,theft,2,clear,False
1514,2026-06-14T23:37:54,1,disturbance,1,clear,False
1515,2026-06-14T08:31:48,2,medical_emergency,1,clear,False
1516,2026-06-14T18:13:23,2,theft,2,clear,False
1517,2026-06-14T13:16:19,2,medical_emergency,3,clear,False
1518,2026-06-14T07:01:58,2,theft,4,clear,False
1519,2026-06-14T17:02:49,3,medical_emergency,5,clear,False
1520,2026-06-14T17:23:25,3,assault,5,clear,False
1521,2026-06-14T14:12:17,4,disturbance,2,clear,False
1522,2026-06-14T15:29:17,5,disturbance,2,clear,False
1523,2026-06-14T15:52:43,5,theft,2,clear,False
1524,2026-06-14T12:33:15,5,assault,3,clear,False
1525,2026-06-14T07:07:34,5,theft,1,clear,False
1526,2026-06-14T22:34:28,6,assault,4,clear,False
1527,2026-06-14T17:46:25,6,disturbance,3,clear,False
1528,2026-06-14T04:50:47,6,theft,1,clear,False
1529,2026-06-14T10:54:02,6,disturbance,2,clear,False
1530,2026-06-14T20:25:25,7,theft,5,clear,False
1531,2026-06-14T09:21:37,7,assault,3,clear,False
1532,2026-06-14T22:13:47,7,theft,1,clear,False
1533,2026-06-14T11:13:07,8,assault,1,clear,False
1534,2026-06-14T05:57:53,8,accident,5,clear,False
1535,2026-06-14T04:19:48,9,medical_emergency,3,clear,False
1536,2026-06-14T00:54:35,9,disturbance,2,clear,False
1537,2026-06-14T12:12:43,9,accident,4,clear,False
1538,2026-06-14T02:22:50,9,accident,4,clear,False
1539,2026-06-14T10:12:12,9,disturbance,2,clear,False
1540,2026-06-15T02:18:35,0,fire,3,clear,False
1541,2026-06-15T23:55:44,0,disturbance,3,clear,False
1542,2026-06-15T17:25:26,0,theft,1,clear,False
1543,2026-06-15T23:05:25,0,assault,2,clear,False
1544,2026-06-15T21:22:22,1,accident,4,clear,False
1545,2026-06-15T14:28:38,1,medical_emergency,2,clear,False
1546,2026-06-15T07:44:57,1,assault,4,clear,False
1547,2026-06-15T06:32:51,1,accident,5,clear,False
1548,2026-06-15T02:21:00,2,disturbance,5,clear,False
1549,2026-06-15T16:12:16,2,theft,3,clear,False
1550,2026-06-15T14:21:21,2,theft,3,clear,False
1551,2026-06-15T08:25:15,3,disturbance,2,clear,False
1552,2026-06-15T21:22:17,3,medical_emergency,4,clear,False
1553,2026-06-15T01:47:28,3,assault,1,clear,False
1554,2026-06-15T03:26:59,3,theft,4,clear,False
1555,2026-06-15T00:53:43,4,disturbance,2,clear,False
1556,2026-06-15T12:34:11,5,medical_emergency,4,clear,False
1557,2026-06-15T16:41:02,6,accident,4,clear,False
1558,2026-06-15T20:37:01,6,accident,3,clear,False
1559,2026-06-15T21:03:56,6,assault,3,clear,False
1560,2026-06-15T04:34:46,6,theft,1,clear,False
1561,2026-06-15T16:46:41,6,assault,2,clear,False
1562,2026-06-15T02:41:02,6,theft,2,clear,False
1563,2026-06-15T06:20:20,6,fire,4,clear,False
1564,2026-06-15T19:27:56,6,theft,1,clear,False
1565,2026-06-15T15:23:28,6,accident,5,clear,False
1566,2026-06-15T13:18:53,7,theft,1,clear,False
1567,2026-06-15T13:40:38,7,assault,2,clear,False
1568,2026-06-15T16:05:17,8,theft,2,clear,False
1569,2026-06-15T23:53:07,8,theft,2,clear,False
1570,2026-06-15T21:07:56,8,fire,4,clear,False
1571,2026-06-15T14:04:55,8,assault,1,clear,False
1572,2026-06-15T23:42:01,8,disturbance,1,clear,False
1573,2026-06-15T19:22:34,8,theft,3,clear,False
1574,2026-06-15T03:19:26,9,fire,4,clear,False
1575,2026-06-15T00:22:01,9,disturbance,3,clear,False
1576,2026-06-15T19:39:17,9,medical_emergency,4,clear,False
1577,2026-06-16T09:19:03,0,disturbance,3,rain,False
1578,2026-06-16T17:16:24,0,accident,3,rain,False
1579,2026-06-16T20:48:10,0,assault,4,rain,False
1580,2026-06-16T17:19:44,0,disturbance,2,rain,False
1581,2026-06-16T10:06:20,0,theft,2,rain,False
1582,2026-06-16T01:57:02,0,disturbance,4,rain,False
1583,2026-06-16T09:50:56,0,medical_emergency,4,rain,False
1584,2026-06-16T21:42:00,0,medical_emergency,1,rain,False
1585,2026-06-16T16:29:29,0,disturbance,2,rain,False
1586,2026-06-16T08:58:19,2,theft,2,rain,False
1587,2026-06-16T23:42:25,2,disturbance,1,rain,False
1588,2026-06-16T12:12:45,2,theft,1,rain,False
1589,2026-06-16T04:47:26,2,accident,2,rain,False
1590,2026-06-16T13:25:37,3,accident,3,rain,False
1591,2026-06-16T15:30:47,3,fire,3,rain,False
1592,2026-06-16T22:03:31,3,medical_emergency,3,rain,False
1593,2026-06-16T06:15:31,3,fire,5,rain,False
1594,2026-06-16T23:33:27,3,fire,4,rain,False
1595,2026-06-16T16:50:39,4,medical_emergency,3,rain,False
1596,2026-06-16T08:57:13,5,medical_emergency,3,rain,False
1597,2026-06-16T05:34:59,6,theft,2,rain,False
1598,2026-06-16T13:46:30,6,accident,3,rain,False
1599,2026-06-16T04:10:20,6,medical_emergency,2,rain,False
1600,2026-06-16T15:43:25,6,medical_emergency,4,rain,False
1601,2026-06-16T00:32:27,7,disturbance,3,rain,True
1602,2026-06-16T10:15:03,7,theft,4,rain,True
1603,2026-06-16T08:15:46,8,accident,2,rain,False
1604,2026-06-16T15:37:14,8,medical_emergency,2,rain,False
1605,2026-06-16T01:49:00,8,assault,4,rain,False
1606,2026-06-16T10:39:54,9,medical_emergency,4,rain,False
1607,2026-06-16T05:47:51,9,medical_emergency,3,rain,False
1608,2026-06-17T15:31:01,0,disturbance,1,clear,True
1609,2026-06-17T06:20:44,0,medical_emergency,2,clear,True
1610,2026-06-17T22:28:38,0,assault,2,clear,True
1611,2026-06-17T07:00:15,0,accident,3,clear,True
1612,2026-06-17T23:14:05,0,accident,2,clear,True
1613,2026-06-17T18:05:52,0,fire,4,clear,True
1614,2026-06-17T10:39:12,0,theft,4,clear,True
1615,2026-06-17T12:42:24,0,accident,3,clear,True
1616,2026-06-17T12:51:57,0,theft,2,clear,True
1617,2026-06-17T10:41:59,0,disturbance,2,clear,True
1618,2026-06-17T05:51:10,0,accident,4,clear,True
1619,2026-06-17T19:24:03,0,medical_emergency,4,clear,True
1620,2026-06-17T05:05:16,0,disturbance,2,clear,True
1621,2026-06-17T23:11:41,0,disturbance,2,clear,True
1622,2026-06-17T11:31:46,0,theft,3,clear,True
1623,2026-06-17T16:20:47,0,fire,1,clear,True
1624,2026-06-17T03:36:15,0,accident,4,clear,True
1625,2026-06-17T19:33:20,0,assault,3,clear,True
1626,2026-06-17T15:42:38,0,fire,4,clear,True
1627,2026-06-17T14:34:34,0,assault,2,clear,True
1628,2026-06-17T23:26:08,0,assault,4,clear,True
1629,2026-06-17T09:48:26,0,theft,5,clear,True
1630,2026-06-17T16:20:36,0,theft,3,clear,True
1631,2026-06-17T10:20:20,0,theft,3,clear,True
1632,2026-06-17T17:24:16,0,assault,5,clear,True
1633,2026-06-17T16:06:55,1,assault,3,clear,False
1634,2026-06-17T06:02:15,2,medical_emergency,3,clear,False
1635,2026-06-17T19:47:44,2,theft,1,clear,False
1636,2026-06-17T20:52:02,2,accident,4,clear,False
1637,2026-06-17T21:11:51,3,medical_emergency,3,clear,False
1638,2026-06-17T00:50:05,3,theft,1,clear,False
1639,2026-06-17T11:32:02,3,theft,2,clear,False
1640,2026-06-17T18:07:16,3,fire,5,clear,False
1641,2026-06-17T15:21:15,5,assault,2,clear,False
1642,2026-06-17T16:27:54,5,accident,4,clear,False
1643,2026-06-17T18:39:45,6,medical_emergency,1,clear,False
1644,2026-06-17T23:42:37,6,assault,3,clear,False
1645,2026-06-17T09:37:09,7,disturbance,2,clear,False
1646,2026-06-17T08:41:24,7,fire,2,clear,False
1647,2026-06-17T10:52:43,7,disturbance,5,clear,False
1648,2026-06-17T21:40:23,8,medical_emergency,3,clear,False
1649,2026-06-17T17:26:47,9,theft,3,clear,False
1650,2026-06-17T07:47:10,9,medical_emergency,1,clear,False
1651,2026-06-17T06:37:46,9,assault,2,clear,False
1652,2026-06-17T05:58:10,9,theft,2,clear,False
1653,2026-06-18T10:54:17,0,accident,4,clear,False
1654,2026-06-18T21:48:40,0,theft,3,clear,False
1655,2026-06-18T09:21:19,0,theft,1,clear,False
1656,2026-06-18T22:16:41,0,theft,1,clear,False
1657,2026-06-18T21:42:40,0,theft,3,clear,False
1658,2026-06-18T12:23:02,0,disturbance,1,clear,False
1659,2026-06-18T05:46:30,1,disturbance,3,clear,False
1660,2026-06-18T23:41:23,1,disturbance,2,clear,False
1661,2026-06-18T03:53:36,1,disturbance,5,clear,False
1662,2026-06-18T18:20:51,2,fire,2,clear,False
1663,2026-06-18T12:03:29,2,assault,2,clear,False
1664,2026-06-18T11:59:33,2,theft,5,clear,False
1665,2026-06-18T00:53:48,2,assault,1,clear,False
1666,2026-06-18T18:13:48,2,accident,4,clear,False
1667,2026-06-18T14:14:17,3,accident,4,clear,False
1668,2026-06-18T07:34:15,3,accident,2,clear,False
1669,2026-06-18T06:56:47,3,assault,2,clear,False
1670,2026-06-18T11:19:57,3,assault,4,clear,False
1671,2026-06-18T20:35:08,3,medical_emergency,2,clear,False
1672,2026-06-18T13:42:51,3,assault,1,clear,False
1673,2026-06-18T05:50:35,4,theft,2,clear,False
1674,2026-06-18T20:46:12,4,medical_emergency,5,clear,False
1675,2026-06-18T00:34:34,5,assault,4,clear,False
1676,2026-06-18T21:11:32,5,accident,3,clear,False
1677,2026-06-18T15:45:02,5,disturbance,1,clear,False
1678,2026-06-18T03:15:58,5,assault,2,clear,False
1679,2026-06-18T00:25:22,5,medical_emergency,2,clear,False
1680,2026-06-18T10:45:00,5,fire,4,clear,False
1681,2026-06-18T19:14:36,5,fire,5,clear,False
1682,2026-06-18T05:38:34,5,accident,2,clear,False
1683,2026-06-18T18:07:12,5,disturbance,4,clear,False
1684,2026-06-18T04:26:02,6,theft,5,clear,False
1685,2026-06-18T00:51:20,6,theft,2,clear,False
1686,2026-06-18T10:44:10,6,disturbance,1,clear,False
1687,2026-06-18T18:15:21,7,disturbance,3,clear,False
1688,2026-06-18T14:54:56,7,assault,2,clear,False
1689,2026-06-18T03:43:13,7,theft,4,clear,False
1690,2026-06-18T13:53:11,8,medical_emergency,4,clear,False
1691,2026-06-18T22:56:46,8,assault,3,clear,False
1692,2026-06-18T16:55:38,8,medical_emergency,3,clear,False
1693,2026-06-18T10:46:17,9,assault,2,clear,False
1694,2026-06-18T06:45:36,9,assault,3,clear,False
1695,2026-06-18T15:35:08,9,theft,1,clear,False
1696,2026-06-18T19:13:31,9,theft,2,clear,False
1697,2026-06-18T16:34:18,9,disturbance,3,clear,False
1698,2026-06-18T23:45:14,9,disturbance,1,clear,False
1699,2026-06-19T09:40:53,0,accident,5,clear,False
1700,2026-06-19T04:42:41,0,assault,5,clear,False
1701,2026-06-19T05:35:58,0,medical_emergency,1,clear,False
1702,2026-06-19T21:44:32,0,medical_emergency,3,clear,False
1703,2026-06-19T05:02:58,1,assault,5,clear,False
1704,2026-06-19T08:24:48,1,assault,4,clear,False
1705,2026-06-19T04:40:37,1,disturbance,1,clear,False
1706,2026-06-19T22:19:01,2,medical_emergency,2,clear,False
1707,2026-06-19T03:58:54,2,assault,3,clear,False
1708,2026-06-19T07:40:20,2,assault,3,clear,False
1709,2026-06-19T17:51:47,3,medical_emergency,3,clear,False
1710,2026-06-19T19:20:19,3,assault,4,clear,False
1711,2026-06-19T02:55:48,3,assault,2,clear,False
1712,2026-06-19T16:26:39,3,theft,4,clear,False
1713,2026-06-19T03:13:18,3,assault,5,clear,False
1714,2026-06-19T14:59:55,3,disturbance,1,clear,False
1715,2026-06-19T07:31:53,3,accident,3,clear,False
1716,2026-06-19T01:29:23,4,theft,1,clear,False
1717,2026-06-19T00:03:48,4,assault,2,clear,False
1718,2026-06-19T17:45:12,4,disturbance,3,clear,False
1719,2026-06-19T12:46:00,4,theft,3,clear,False
1720,2026-06-19T13:34:57,5,disturbance,3,clear,False
1721,2026-06-19T14:56:49,5,theft,3,clear,False
1722,2026-06-19T08:46:55,6,assault,4,clear,False
1723,2026-06-19T18:19:26,6,medical_emergency,3,clear,False
1724,2026-06-19T09:38:10,6,medical_emergency,1,clear,False
1725,2026-06-19T03:24:44,6,disturbance,2,clear,False
1726,2026-06-19T05:06:27,6,accident,5,clear,False
1727,2026-06-19T02:20:56,8,disturbance,2,clear,True
1728,2026-06-19T05:49:07,8,medical_emergency,4,clear,True
1729,2026-06-19T10:41:06,8,accident,3,clear,True
1730,2026-06-19T23:19:01,8,disturbance,2,clear,True
1731,2026-06-19T17:18:01,9,medical_emergency,1,clear,False
1732,2026-06-19T13:29:52,9,theft,4,clear,False
1733,2026-06-19T18:12:39,9,accident,4,clear,False
1734,2026-06-19T19:05:38,9,medical_emergency,2,clear,False
1735,2026-06-20T09:44:20,0,theft,2,clear,False
1736,2026-06-20T16:12:30,0,assault,4,clear,False
1737,2026-06-20T07:37:00,0,theft,1,clear,False
1738,2026-06-20T01:43:48,0,disturbance,4,clear,False
1739,2026-06-20T17:11:06,0,medical_emergency,4,clear,False
1740,2026-06-20T16:29:29,1,theft,4,clear,False
1741,2026-06-20T10:22:51,1,medical_emergency,5,clear,False
1742,2026-06-20T02:16:12,2,medical_emergency,3,clear,False
1743,2026-06-20T21:24:13,2,accident,4,clear,False
1744,2026-06-20T17:20:23,3,assault,2,clear,False
1745,2026-06-20T03:58:35,3,accident,3,clear,False
1746,2026-06-20T13:21:26,3,accident,3,clear,False
1747,2026-06-20T01:42:39,3,theft,2,clear,False
1748,2026-06-20T13:53:47,3,accident,5,clear,False
1749,2026-06-20T16:35:58,4,disturbance,4,clear,False
1750,2026-06-20T19:17:05,5,accident,3,clear,False
1751,2026-06-20T07:49:10,5,disturbance,4,clear,False
1752,2026-06-20T08:00:50,5,theft,1,clear,False
1753,2026-06-20T12:39:18,5,fire,3,clear,False
1754,2026-06-20T13:33:57,5,disturbance,1,clear,False
1755,2026-06-20T05:01:51,6,disturbance,3,clear,False
1756,2026-06-20T18:00:19,7,accident,3,clear,False
1757,2026-06-20T11:24:07,7,disturbance,1,clear,False
1758,2026-06-20T10:19:47,7,accident,2,clear,False
1759,2026-06-20T23:56:16,7,theft,1,clear,False
1760,2026-06-20T23:32:39,8,disturbance,4,clear,False
1761,2026-06-20T01:30:18,9,accident,3,clear,False
1762,2026-06-20T10:47:01,9,disturbance,2,clear,False
1763,2026-06-20T03:16:27,9,assault,4,clear,False
1764,2026-06-20T10:06:01,9,assault,4,clear,False
1765,2026-06-20T19:10:22,9,disturbance,2,clear,False
1766,2026-06-20T18:46:03,9,disturbance,4,clear,False
1767,2026-06-20T07:47:32,9,accident,3,clear,False
1768,2026-06-21T22:47:09,0,theft,3,clear,False
1769,2026-06-21T21:35:17,0,accident,3,clear,False
1770,2026-06-21T13:30:51,0,theft,4,clear,False
1771,2026-06-21T07:17:17,0,medical_emergency,3,clear,False
1772,2026-06-21T23:37:55,0,assault,3,clear,False
1773,2026-06-21T05:09:28,0,medical_emergency,1,clear,False
1774,2026-06-21T14:14:41,1,disturbance,3,clear,False
1775,2026-06-21T22:44:25,1,assault,4,clear,False
1776,2026-06-21T00:01:44,1,assault,5,clear,False
1777,2026-06-21T05:56:04,2,theft,1,clear,False
1778,2026-06-21T04:54:33,4,medical_emergency,4,clear,False
1779,2026-06-21T22:44:21,4,accident,4,clear,False
1780,2026-06-21T15:26:14,5,disturbance,2,clear,False
1781,2026-06-21T22:52:27,5,assault,3,clear,False
1782,2026-06-21T08:49:41,5,disturbance,2,clear,False
1783,2026-06-21T04:47:56,5,accident,5,clear,False
1784,2026-06-21T19:12:31,5,medical_emergency,5,clear,False
1785,2026-06-21T16:01:00,5,assault,4,clear,False
1786,2026-06-21T03:28:08,6,disturbance,2,clear,False
1787,2026-06-21T05:26:01,6,medical_emergency,3,clear,False
1788,2026-06-21T12:21:27,6,theft,4,clear,False
1789,2026-06-21T18:03:27,8,assault,5,clear,False
1790,2026-06-21T15:02:44,8,medical_emergency,2,clear,False
1791,2026-06-21T15:15:11,8,theft,1,clear,False
1792,2026-06-21T17:37:06,8,accident,2,clear,False
1793,2026-06-21T22:38:50,8,accident,4,clear,False
1794,2026-06-21T04:37:54,9,theft,2,clear,False
1795,2026-06-21T06:24:19,9,disturbance,2,clear,False
1796,2026-06-21T12:27:06,9,theft,2,clear,False
1797,2026-06-21T01:28:00,9,assault,3,clear,False
1798,2026-06-21T12:30:59,9,theft,1,clear,False
1799,2026-06-22T09:27:36,0,accident,3,clear,False
1800,2026-06-22T22:12:20,0,fire,2,clear,False
1801,2026-06-22T07:12:02,0,theft,2,clear,False
1802,2026-06-22T13:22:16,0,assault,2,clear,False
1803,2026-06-22T10:27:14,1,accident,4,clear,False
1804,2026-06-22T21:36:59,1,theft,2,clear,False
1805,2026-06-22T10:10:02,1,theft,3,clear,False
1806,2026-06-22T18:18:51,2,medical_emergency,4,clear,False
1807,2026-06-22T10:14:46,2,theft,3,clear,False
1808,2026-06-22T06:47:30,2,theft,3,clear,False
1809,2026-06-22T16:02:13,3,accident,3,clear,False
1810,2026-06-22T03:13:32,4,theft,1,clear,False
1811,2026-06-22T13:07:10,5,theft,1,clear,False
1812,2026-06-22T08:23:47,5,accident,2,clear,False
1813,2026-06-22T02:42:22,5,theft,1,clear,False
1814,2026-06-22T04:50:43,6,disturbance,2,clear,False
1815,2026-06-22T07:45:52,6,medical_emergency,5,clear,False
1816,2026-06-22T23:01:31,7,assault,2,clear,False
1817,2026-06-22T18:32:47,8,assault,4,clear,False
1818,2026-06-22T15:40:10,8,theft,3,clear,False
1819,2026-06-22T17:43:41,8,medical_emergency,3,clear,False
1820,2026-06-22T16:29:09,9,theft,1,clear,False
1821,2026-06-22T03:23:00,9,theft,2,clear,False
1822,2026-06-22T02:50:23,9,assault,4,clear,False
1823,2026-06-22T17:25:06,9,accident,5,clear,False
1824,2026-06-22T13:16:58,9,theft,1,clear,False
1825,2026-06-22T13:40:03,9,accident,4,clear,False
1826,2026-06-22T04:18:51,9,medical_emergency,4,clear,False
1827,2026-06-23T05:36:51,0,accident,3,clear,False
1828,2026-06-23T19:10:19,0,disturbance,4,clear,False
1829,2026-06-23T13:44:28,0,medical_emergency,3,clear,False
1830,2026-06-23T11:17:24,0,medical_emergency,1,clear,False
1831,2026-06-23T03:10:58,0,assault,2,clear,False
1832,2026-06-23T05:55:52,1,accident,5,clear,False
1833,2026-06-23T23:49:00,1,fire,4,clear,False
1834,2026-06-23T23:45:44,2,assault,4,clear,False
1835,2026-06-23T23:52:31,2,disturbance,3,clear,False
1836,2026-06-23T22:00:03,2,theft,5,clear,False
1837,2026-06-23T15:33:50,2,theft,2,clear,False
1838,2026-06-23T09:16:43,2,theft,2,clear,False
1839,2026-06-23T22:10:23,2,accident,2,clear,False
1840,2026-06-23T03:11:08,3,fire,3,clear,False
1841,2026-06-23T06:08:36,3,medical_emergency,3,clear,False
1842,2026-06-23T04:57:15,3,disturbance,5,clear,False
1843,2026-06-23T07:12:58,3,theft,2,clear,False
1844,2026-06-23T20:30:28,3,medical_emergency,1,clear,False
1845,2026-06-23T09:05:29,3,assault,3,clear,False
1846,2026-06-23T15:48:18,4,accident,1,clear,False
1847,2026-06-23T23:52:20,4,accident,2,clear,False
1848,2026-06-23T11:42:02,5,medical_emergency,2,clear,False
1849,2026-06-23T06:35:17,5,accident,1,clear,False
1850,2026-06-23T18:13:14,5,accident,4,clear,False
1851,2026-06-23T22:19:25,6,theft,1,clear,False
1852,2026-06-23T21:20:56,6,accident,3,clear,False
1853,2026-06-23T17:14:52,6,medical_emergency,4,clear,False
1854,2026-06-23T10:44:24,7,medical_emergency,3,clear,False
1855,2026-06-23T04:52:39,8,accident,3,clear,False
1856,2026-06-23T17:40:26,8,theft,2,clear,False
1857,2026-06-23T14:28:49,8,accident,5,clear,False
1858,2026-06-23T09:28:57,9,fire,5,clear,False
1859,2026-06-23T22:13:18,9,theft,2,clear,False
1860,2026-06-23T22:18:04,9,theft,1,clear,False
1861,2026-06-24T05:17:10,0,medical_emergency,2,rain,False
1862,2026-06-24T23:12:40,0,medical_emergency,2,rain,False
1863,2026-06-24T18:39:24,0,theft,2,rain,False
1864,2026-06-24T05:28:33,0,assault,4,rain,False
1865,2026-06-24T15:22:25,0,theft,2,rain,False
1866,2026-06-24T07:04:01,1,assault,1,rain,False
1867,2026-06-24T04:55:46,1,accident,4,rain,False
1868,2026-06-24T12:56:49,1,medical_emergency,3,rain,False
1869,2026-06-24T11:35:54,1,accident,3,rain,False
1870,2026-06-24T23:09:52,1,theft,2,rain,False
1871,2026-06-24T18:21:07,2,medical_emergency,5,rain,False
1872,2026-06-24T20:48:07,3,theft,3,rain,False
1873,2026-06-24T20:32:41,3,accident,1,rain,False
1874,2026-06-24T10:03:17,3,accident,5,rain,False
1875,2026-06-24T05:58:05,3,disturbance,3,rain,False
1876,2026-06-24T09:31:18,3,accident,5,rain,False
1877,2026-06-24T06:59:49,3,disturbance,2,rain,False
1878,2026-06-24T17:31:55,4,theft,2,rain,False
1879,2026-06-24T11:23:05,4,disturbance,2,rain,False
1880,2026-06-24T06:52:21,4,disturbance,2,rain,False
1881,2026-06-24T05:08:00,5,assault,4,rain,False
1882,2026-06-24T07:28:05,6,fire,3,rain,False
1883,2026-06-24T09:34:16,6,disturbance,3,rain,False
1884,2026-06-24T20:33:55,7,disturbance,4,rain,False
1885,2026-06-24T11:28:22,7,accident,2,rain,False
1886,2026-06-24T14:42:40,7,medical_emergency,3,rain,False
1887,2026-06-24T16:39:33,8,accident,4,rain,False
1888,2026-06-24T03:44:01,8,disturbance,3,rain,False
1889,2026-06-24T21:12:32,9,theft,1,rain,False
1890,2026-06-24T06:44:25,9,disturbance,2,rain,False
1891,2026-06-24T22:39:57,9,medical_emergency,1,rain,False
1892,2026-06-25T05:56:43,0,accident,4,clear,False
1893,2026-06-25T08:12:54,0,medical_emergency,4,clear,False
1894,2026-06-25T09:44:29,0,fire,3,clear,False
1895,2026-06-25T19:28:08,0,medical_emergency,4,clear,False
1896,2026-06-25T03:48:51,0,medical_emergency,3,clear,False
1897,2026-06-25T14:36:59,0,fire,5,clear,False
1898,2026-06-25T08:41:15,0,disturbance,5,clear,False
1899,2026-06-25T01:44:02,1,assault,3,clear,False
1900,2026-06-25T00:48:37,1,accident,3,clear,False
1901,2026-06-25T18:18:01,1,theft,2,clear,False
1902,2026-06-25T22:16:27,2,disturbance,1,clear,False
1903,2026-06-25T01:22:22,2,theft,2,clear,False
1904,2026-06-25T08:02:19,3,theft,2,clear,False
1905,2026-06-25T20:51:23,3,accident,4,clear,False
1906,2026-06-25T11:25:07,3,assault,4,clear,False
1907,2026-06-25T21:09:22,3,assault,2,clear,False
1908,2026-06-25T16:24:54,3,theft,1,clear,False
1909,2026-06-25T10:25:44,4,theft,2,clear,False
1910,2026-06-25T23:28:44,4,disturbance,5,clear,False
1911,2026-06-25T18:36:36,4,accident,4,clear,False
1912,2026-06-25T11:38:15,4,assault,3,clear,False
1913,2026-06-25T06:17:32,5,medical_emergency,2,clear,False
1914,2026-06-25T23:01:01,5,assault,3,clear,False
1915,2026-06-25T18:50:15,5,medical_emergency,3,clear,False
1916,2026-06-25T05:53:58,6,theft,3,clear,False
1917,2026-06-25T23:59:08,6,disturbance,1,clear,False
1918,2026-06-25T23:00:41,6,assault,3,clear,False
1919,2026-06-25T09:02:00,6,disturbance,5,clear,False
1920,2026-06-25T18:46:54,7,accident,4,clear,False
1921,2026-06-25T18:06:13,7,assault,3,clear,False
1922,2026-06-25T16:11:35,8,theft,2,clear,False
1923,2026-06-25T11:28:10,8,assault,4,clear,False
1924,2026-06-25T19:34:42,8,theft,2,clear,False
1925,2026-06-25T21:46:21,8,disturbance,1,clear,False
1926,2026-06-25T12:23:09,9,accident,5,clear,False
1927,2026-06-25T04:42:29,9,medical_emergency,4,clear,False
1928,2026-06-25T21:43:45,9,disturbance,1,clear,False
1929,2026-06-25T22:55:01,9,accident,4,clear,False
1930,2026-06-26T01:11:06,0,theft,2,rain,False
1931,2026-06-26T14:52:10,0,medical_emergency,3,rain,False
1932,2026-06-26T01:48:42,0,assault,5,rain,False
1933,2026-06-26T02:04:45,0,theft,2,rain,False
1934,2026-06-26T02:30:05,0,disturbance,3,rain,False
1935,2026-06-26T10:00:33,1,medical_emergency,4,rain,False
1936,2026-06-26T22:45:13,1,assault,4,rain,False
1937,2026-06-26T16:33:46,1,assault,3,rain,False
1938,2026-06-26T04:26:08,2,accident,3,rain,False
1939,2026-06-26T07:40:27,2,medical_emergency,3,rain,False
1940,2026-06-26T12:52:36,2,theft,1,rain,False
1941,2026-06-26T01:37:01,2,theft,2,rain,False
1942,2026-06-26T14:21:12,3,theft,3,rain,False
1943,2026-06-26T17:37:18,3,medical_emergency,2,rain,False
1944,2026-06-26T20:03:46,3,accident,1,rain,False
1945,2026-06-26T10:30:14,3,assault,4,rain,False
1946,2026-06-26T16:03:38,3,assault,5,rain,False
1947,2026-06-26T13:36:09,3,theft,1,rain,False
1948,2026-06-26T10:56:45,4,accident,5,rain,False
1949,2026-06-26T00:46:05,4,disturbance,1,rain,False
1950,2026-06-26T16:51:13,4,fire,4,rain,False
1951,2026-06-26T20:27:28,5,medical_emergency,3,rain,False
1952,2026-06-26T22:52:53,5,medical_emergency,3,rain,False
1953,2026-06-26T08:49:21,5,theft,1,rain,False
1954,2026-06-26T15:39:27,6,accident,4,rain,False
1955,2026-06-26T18:42:42,6,medical_emergency,3,rain,False
1956,2026-06-26T03:39:20,6,accident,4,rain,False
1957,2026-06-26T16:21:29,6,assault,5,rain,False
1958,2026-06-26T20:26:44,6,medical_emergency,3,rain,False
1959,2026-06-26T15:31:28,6,fire,2,rain,False
1960,2026-06-26T00:17:36,6,medical_emergency,2,rain,False
1961,2026-06-26T22:46:14,6,theft,2,rain,False
1962,2026-06-26T16:42:12,6,disturbance,2,rain,False
1963,2026-06-26T21:16:33,7,accident,4,rain,False
1964,2026-06-26T04:31:42,7,medical_emergency,5,rain,False
1965,2026-06-26T09:17:08,7,accident,3,rain,False
1966,2026-06-26T13:36:48,8,disturbance,2,rain,False
1967,2026-06-26T11:40:35,8,medical_emergency,1,rain,False
1968,2026-06-26T04:23:58,9,assault,2,rain,False
1969,2026-06-26T04:14:55,9,theft,2,rain,False
1970,2026-06-26T13:59:05,9,theft,3,rain,False
1971,2026-06-26T03:01:17,9,theft,2,rain,False
1972,2026-06-27T23:45:54,0,medical_emergency,5,clear,False
1973,2026-06-27T14:23:25,0,disturbance,4,clear,False
1974,2026-06-27T14:46:04,0,theft,1,clear,False
1975,2026-06-27T14:06:26,0,fire,3,clear,False
1976,2026-06-27T16:13:12,0,accident,4,clear,False
1977,2026-06-27T22:34:41,0,accident,4,clear,False
1978,2026-06-27T04:09:35,0,accident,2,clear,False
1979,2026-06-27T05:26:27,0,theft,3,clear,False
1980,2026-06-27T04:24:21,0,disturbance,4,clear,False
1981,2026-06-27T20:54:49,1,accident,1,clear,False
1982,2026-06-27T12:31:48,2,medical_emergency,1,clear,False
1983,2026-06-27T11:51:12,3,theft,3,clear,False
1984,2026-06-27T02:16:26,3,fire,5,clear,False
1985,2026-06-27T11:31:17,3,accident,3,clear,False
1986,2026-06-27T16:30:08,3,accident,4,clear,False
1987,2026-06-27T22:55:01,3,theft,2,clear,False
1988,2026-06-27T02:42:21,3,theft,1,clear,False
1989,2026-06-27T12:03:59,4,accident,4,clear,False
1990,2026-06-27T13:19:04,4,theft,3,clear,False
1991,2026-06-27T00:37:23,4,theft,3,clear,False
1992,2026-06-27T10:05:33,4,accident,2,clear,False
1993,2026-06-27T14:04:57,5,accident,2,clear,False
1994,2026-06-27T05:20:51,5,disturbance,3,clear,False
1995,2026-06-27T02:54:12,6,accident,3,clear,False
1996,2026-06-27T11:41:43,6,theft,2,clear,False
1997,2026-06-27T13:32:13,6,medical_emergency,2,clear,False
1998,2026-06-27T16:34:56,6,medical_emergency,2,clear,False
1999,2026-06-27T10:30:12,6,medical_emergency,5,clear,False
2000,2026-06-27T08:08:35,7,theft,1,clear,True
2001,2026-06-27T22:43:23,7,assault,4,clear,True
2002,2026-06-27T22:08:42,7,disturbance,3,clear,True
2003,2026-06-27T22:13:26,7,assault,5,clear,True
2004,2026-06-27T15:41:13,7,disturbance,5,clear,True
2005,2026-06-27T23:34:47,8,disturbance,3,clear,False
2006,2026-06-27T07:52:53,8,accident,2,clear,False
2007,2026-06-27T00:30:02,9,assault,3,clear,False
2008,2026-06-27T20:30:40,9,disturbance,1,clear,False
2009,2026-06-27T00:51:27,9,disturbance,2,clear,False
2010,2026-06-28T01:57:59,0,disturbance,5,storm,False
2011,2026-06-28T09:55:13,0,disturbance,2,storm,False
2012,2026-06-28T23:04:24,0,disturbance,2,storm,False
2013,2026-06-28T13:06:27,0,accident,4,storm,False
2014,2026-06-28T09:16:01,0,medical_emergency,3,storm,False
2015,2026-06-28T21:00:29,1,disturbance,4,storm,False
2016,2026-06-28T02:03:11,1,assault,3,storm,False
2017,2026-06-28T21:32:14,2,medical_emergency,3,storm,False
2018,2026-06-28T10:00:16,3,theft,5,storm,False
2019,2026-06-28T12:18:35,3,theft,3,storm,False
2020,2026-06-28T22:14:15,4,theft,2,storm,False
2021,2026-06-28T15:05:03,4,disturbance,1,storm,False
2022,2026-06-28T17:02:22,4,fire,4,storm,False
2023,2026-06-28T07:36:16,4,accident,3,storm,False
2024,2026-06-28T06:42:17,4,accident,5,storm,False
2025,2026-06-28T15:35:20,5,theft,1,storm,False
2026,2026-06-28T14:27:23,5,accident,4,storm,False
2027,2026-06-28T03:34:02,5,accident,5,storm,False
2028,2026-06-28T19:58:44,6,accident,3,storm,False
2029,2026-06-28T01:31:30,6,theft,1,storm,False
2030,2026-06-28T21:55:17,6,theft,3,storm,False
2031,2026-06-28T22:27:57,6,medical_emergency,2,storm,False
2032,2026-06-28T15:52:22,6,accident,2,storm,False
2033,2026-06-28T13:44:27,6,accident,4,storm,False
2034,2026-06-28T18:14:39,6,theft,1,storm,False
2035,2026-06-28T18:31:07,7,accident,3,storm,False
2036,2026-06-28T12:35:22,7,accident,3,storm,False
2037,2026-06-28T20:07:32,8,theft,1,storm,False
2038,2026-06-28T04:09:17,8,accident,1,storm,False
2039,2026-06-28T07:02:03,9,accident,4,storm,False
2040,2026-06-29T17:39:03,0,assault,4,clear,False
2041,2026-06-29T08:58:46,0,theft,1,clear,False
2042,2026-06-29T00:44:49,0,assault,5,clear,False
2043,2026-06-29T22:54:10,0,medical_emergency,3,clear,False
2044,2026-06-29T09:25:29,0,theft,4,clear,False
2045,2026-06-29T16:42:24,1,accident,5,clear,False
2046,2026-06-29T00:04:51,1,theft,2,clear,False
2047,2026-06-29T12:57:54,1,medical_emergency,2,clear,False
2048,2026-06-29T04:23:22,2,disturbance,2,clear,False
2049,2026-06-29T00:02:36,2,assault,4,clear,False
2050,2026-06-29T08:14:36,3,theft,3,clear,False
2051,2026-06-29T14:30:42,4,theft,4,clear,False
2052,2026-06-29T01:18:47,4,assault,1,clear,False
2053,2026-06-29T22:49:42,5,accident,3,clear,False
2054,2026-06-29T04:40:51,5,assault,4,clear,False
2055,2026-06-29T22:38:35,6,assault,2,clear,False
2056,2026-06-29T20:46:02,6,accident,4,clear,False
2057,2026-06-29T00:54:00,6,medical_emergency,3,clear,False
2058,2026-06-29T00:35:42,7,assault,2,clear,False
2059,2026-06-29T21:30:01,7,medical_emergency,4,clear,False
2060,2026-06-29T13:50:51,7,accident,3,clear,False
2061,2026-06-29T08:06:13,7,accident,5,clear,False
2062,2026-06-29T06:23:33,7,assault,3,clear,False
2063,2026-06-29T07:24:29,7,theft,4,clear,False
2064,2026-06-29T04:43:39,8,theft,5,clear,False
2065,2026-06-29T16:02:45,8,accident,4,clear,False
2066,2026-06-29T01:43:46,9,assault,2,clear,False
2067,2026-06-29T09:42:35,9,disturbance,1,clear,False
2068,2026-06-29T18:11:02,9,medical_emergency,2,clear,False
2069,2026-06-29T17:49:11,9,theft,2,clear,False
2070,2026-06-30T13:46:27,0,assault,3,clear,False
2071,2026-06-30T13:08:33,0,fire,1,clear,False
2072,2026-06-30T00:47:10,0,assault,4,clear,False
2073,2026-06-30T04:31:52,0,accident,2,clear,False
2074,2026-06-30T23:55:06,0,assault,4,clear,False
2075,2026-06-30T12:42:47,0,disturbance,1,clear,False
2076,2026-06-30T03:21:59,0,assault,1,clear,False
2077,2026-06-30T09:17:29,1,assault,3,clear,False
2078,2026-06-30T03:01:18,1,assault,3,clear,False
2079,2026-06-30T17:09:02,1,assault,3,clear,False
2080,2026-06-30T17:28:02,1,accident,3,clear,False
2081,2026-06-30T16:18:13,1,theft,2,clear,False
2082,2026-06-30T23:27:43,1,theft,2,clear,False
2083,2026-06-30T02:09:59,2,disturbance,1,clear,False
2084,2026-06-30T15:35:12,3,assault,5,clear,False
2085,2026-06-30T00:07:50,3,disturbance,1,clear,False
2086,2026-06-30T21:18:45,3,accident,4,clear,False
2087,2026-06-30T21:43:32,3,theft,5,clear,False
2088,2026-06-30T22:21:39,4,medical_emergency,3,clear,False
2089,2026-06-30T02:19:19,4,medical_emergency,3,clear,False
2090,2026-06-30T10:29:00,4,fire,4,clear,False
2091,2026-06-30T15:01:48,4,accident,3,clear,False
2092,2026-06-30T20:28:58,5,assault,4,clear,False
2093,2026-06-30T06:57:38,6,theft,1,clear,False
2094,2026-06-30T12:22:48,6,disturbance,2,clear,False
2095,2026-06-30T12:10:33,6,accident,4,clear,False
2096,2026-06-30T04:22:30,6,accident,4,clear,False
2097,2026-06-30T23:13:07,6,theft,5,clear,False
2098,2026-06-30T15:53:49,6,disturbance,3,clear,False
2099,2026-06-30T15:40:32,7,theft,1,clear,False
2100,2026-06-30T15:23:13,8,fire,2,clear,False
2101,2026-06-30T10:58:55,8,accident,5,clear,False
2102,2026-06-30T19:48:19,9,assault,2,clear,False
2103,2026-06-30T10:51:38,9,theft,2,clear,False
2104,2026-06-30T22:26:18,9,medical_emergency,3,clear,False
2105,2026-06-30T00:04:02,9,assault,1,clear,False
2106,2026-06-30T03:17:00,9,theft,2,clear,False
2107,2026-07-01T11:29:15,0,accident,4,storm,False
2108,2026-07-01T05:41:21,0,accident,4,storm,False
2109,2026-07-01T22:02:41,0,theft,3,storm,False
2110,2026-07-01T07:43:40,1,theft,2,storm,False
2111,2026-07-01T00:28:09,1,disturbance,1,storm,False
2112,2026-07-01T08:17:29,1,medical_emergency,2,storm,False
2113,2026-07-01T00:33:00,2,medical_emergency,3,storm,False
2114,2026-07-01T02:27:49,2,disturbance,4,storm,False
2115,2026-07-01T21:53:57,2,theft,2,storm,False
2116,2026-07-01T07:35:39,3,accident,3,storm,False
2117,2026-07-01T14:52:16,3,medical_emergency,2,storm,False
2118,2026-07-01T01:41:34,3,theft,1,storm,False
2119,2026-07-01T23:20:06,3,assault,2,storm,False
2120,2026-07-01T22:25:40,5,disturbance,1,storm,False
2121,2026-07-01T23:37:53,5,disturbance,3,storm,False
2122,2026-07-01T18:45:00,6,assault,3,storm,False
2123,2026-07-01T11:25:10,6,theft,2,storm,False
2124,2026-07-01T16:31:00,6,medical_emergency,3,storm,False
2125,2026-07-01T06:03:15,6,accident,5,storm,False
2126,2026-07-01T17:44:44,6,accident,4,storm,False
2127,2026-07-01T10:03:54,7,medical_emergency,3,storm,False
2128,2026-07-01T18:53:46,7,medical_emergency,2,storm,False
2129,2026-07-01T12:21:21,8,medical_emergency,2,storm,False
2130,2026-07-01T00:12:18,8,assault,3,storm,False
2131,2026-07-01T19:02:06,9,disturbance,3,storm,False
2132,2026-07-01T23:24:41,9,disturbance,2,storm,False
2133,2026-07-02T10:22:06,0,disturbance,3,clear,True
2134,2026-07-02T23:50:18,0,theft,1,clear,True
2135,2026-07-02T18:25:31,0,medical_emergency,2,clear,True
2136,2026-07-02T18:14:51,0,theft,3,clear,True
2137,2026-07-02T20:36:18,0,assault,2,clear,True
2138,2026-07-02T03:25:02,0,disturbance,2,clear,True
2139,2026-07-02T19:59:47,0,accident,5,clear,True
2140,2026-07-02T10:19:11,0,fire,3,clear,True
2141,2026-07-02T07:53:31,0,disturbance,2,clear,True
2142,2026-07-02T03:32:50,0,assault,4,clear,True
2143,2026-07-02T20:20:27,0,theft,3,clear,True
2144,2026-07-02T17:52:59,0,medical_emergency,3,clear,True
2145,2026-07-02T19:14:55,0,medical_emergency,3,clear,True
2146,2026-07-02T13:08:30,0,disturbance,3,clear,True
2147,2026-07-02T10:07:03,0,accident,2,clear,True
2148,2026-07-02T00:32:59,0,medical_emergency,3,clear,True
2149,2026-07-02T05:42:08,0,disturbance,2,clear,True
2150,2026-07-02T12:31:00,1,medical_emergency,2,clear,False
2151,2026-07-02T17:14:11,1,theft,2,clear,False
2152,2026-07-02T21:41:33,1,assault,4,clear,False
2153,2026-07-02T14:00:31,1,theft,4,clear,False
2154,2026-07-02T14:58:50,2,fire,3,clear,False
2155,2026-07-02T11:32:18,2,medical_emergency,2,clear,False
2156,2026-07-02T19:15:33,2,assault,3,clear,False
2157,2026-07-02T20:44:45,2,medical_emergency,3,clear,False
2158,2026-07-02T11:53:42,2,accident,4,clear,False
2159,2026-07-02T18:13:01,3,accident,3,clear,False
2160,2026-07-02T11:48:01,3,fire,3,clear,False
2161,2026-07-02T13:06:53,3,theft,3,clear,False
2162,2026-07-02T18:56:31,3,medical_emergency,2,clear,False
2163,2026-07-02T21:49:06,5,accident,3,clear,False
2164,2026-07-02T15:56:11,5,medical_emergency,1,clear,False
2165,2026-07-02T10:23:34,6,disturbance,3,clear,False
2166,2026-07-02T22:58:35,6,theft,2,clear,False
2167,2026-07-02T00:12:29,6,assault,4,clear,False
2168,2026-07-02T16:45:30,6,accident,3,clear,False
2169,2026-07-02T18:01:19,6,theft,2,clear,False
2170,2026-07-02T07:40:05,6,fire,4,clear,False
2171,2026-07-02T01:25:26,8,assault,4,clear,False
2172,2026-07-02T11:25:25,8,theft,3,clear,False
2173,2026-07-02T19:37:45,9,assault,3,clear,False
2174,2026-07-03T07:41:50,0,medical_emergency,1,storm,False
2175,2026-07-03T22:05:31,0,theft,1,storm,False
2176,2026-07-03T11:17:11,0,disturbance,3,storm,False
2177,2026-07-03T02:22:24,0,disturbance,2,storm,False
2178,2026-07-03T04:55:58,0,medical_emergency,3,storm,False
2179,2026-07-03T16:39:44,0,theft,3,storm,False
2180,2026-07-03T06:56:11,0,disturbance,2,storm,False
2181,2026-07-03T08:34:16,1,accident,5,storm,False
2182,2026-07-03T09:26:26,1,theft,2,storm,False
2183,2026-07-03T09:47:52,2,accident,3,storm,False
2184,2026-07-03T15:16:59,2,theft,1,storm,False
2185,2026-07-03T05:38:17,2,assault,3,storm,False
2186,2026-07-03T22:47:36,3,theft,1,storm,False
2187,2026-07-03T20:46:54,3,accident,4,storm,False
2188,2026-07-03T02:02:32,3,theft,3,storm,False
2189,2026-07-03T09:46:29,3,theft,2,storm,False
2190,2026-07-03T22:20:39,3,assault,1,storm,False
2191,2026-07-03T06:35:37,3,disturbance,4,storm,False
2192,2026-07-03T17:18:53,3,theft,2,storm,False
2193,2026-07-03T16:30:49,4,accident,2,storm,False
2194,2026-07-03T08:57:20,4,accident,2,storm,False
2195,2026-07-03T04:41:24,4,accident,4,storm,False
2196,2026-07-03T22:03:23,5,disturbance,2,storm,False
2197,2026-07-03T03:33:11,5,medical_emergency,5,storm,False
2198,2026-07-03T05:09:46,5,disturbance,1,storm,False
2199,2026-07-03T13:55:55,5,medical_emergency,1,storm,False
2200,2026-07-03T19:56:19,6,theft,3,storm,False
2201,2026-07-03T06:56:37,6,medical_emergency,3,storm,False
2202,2026-07-03T10:33:40,6,medical_emergency,4,storm,False
2203,2026-07-03T09:46:44,6,medical_emergency,2,storm,False
2204,2026-07-03T02:24:30,6,disturbance,2,storm,False
2205,2026-07-03T18:28:08,6,medical_emergency,3,storm,False
2206,2026-07-03T14:11:48,7,medical_emergency,1,storm,False
2207,2026-07-03T07:28:13,8,theft,4,storm,False
2208,2026-07-03T17:22:47,8,accident,5,storm,False
2209,2026-07-03T19:25:57,8,theft,2,storm,False
2210,2026-07-03T22:35:12,8,disturbance,3,storm,False
2211,2026-07-03T12:35:10,9,medical_emergency,2,storm,False
2212,2026-07-03T16:54:29,9,disturbance,3,storm,False
2213,2026-07-04T07:51:57,0,accident,2,clear,False
2214,2026-07-04T07:02:38,0,fire,4,clear,False
2215,2026-07-04T10:04:50,0,fire,5,clear,False
2216,2026-07-04T13:34:50,0,assault,4,clear,False
2217,2026-07-04T21:47:11,0,fire,4,clear,False
2218,2026-07-04T07:13:48,1,accident,3,clear,False
2219,2026-07-04T12:08:51,1,assault,2,clear,False
2220,2026-07-04T16:09:28,1,accident,3,clear,False
2221,2026-07-04T10:13:52,2,accident,3,clear,False
2222,2026-07-04T00:47:11,2,assault,2,clear,False
2223,2026-07-04T16:47:26,2,assault,4,clear,False
2224,2026-07-04T22:31:48,3,medical_emergency,4,clear,False
2225,2026-07-04T21:50:12,3,accident,4,clear,False
2226,2026-07-04T19:17:59,3,disturbance,2,clear,False
2227,2026-07-04T17:52:42,3,medical_emergency,1,clear,False
2228,2026-07-04T05:23:52,4,medical_emergency,3,clear,False
2229,2026-07-04T17:10:45,5,medical_emergency,5,clear,False
2230,2026-07-04T13:11:49,5,accident,4,clear,False
2231,2026-07-04T20:26:20,5,medical_emergency,2,clear,False
2232,2026-07-04T14:38:45,5,assault,3,clear,False
2233,2026-07-04T00:10:53,6,assault,1,clear,False
2234,2026-07-04T04:32:15,7,accident,5,clear,False
2235,2026-07-04T11:27:01,7,assault,3,clear,False
2236,2026-07-04T17:55:47,7,medical_emergency,5,clear,False
2237,2026-07-04T14:01:59,7,disturbance,3,clear,False
2238,2026-07-04T12:46:25,7,medical_emergency,4,clear,False
2239,2026-07-04T09:09:59,7,assault,2,clear,False
2240,2026-07-04T16:30:27,7,theft,2,clear,False
2241,2026-07-04T09:12:06,8,disturbance,3,clear,False
2242,2026-07-04T07:34:48,8,theft,2,clear,False
2243,2026-07-04T03:47:11,8,theft,2,clear,False
2244,2026-07-04T10:04:20,8,accident,2,clear,False
2245,2026-07-04T18:53:12,8,medical_emergency,4,clear,False
2246,2026-07-04T11:42:44,9,fire,5,clear,False
2247,2026-07-04T01:08:00,9,theft,1,clear,False
2248,2026-07-04T22:55:58,9,disturbance,2,clear,False
2249,2026-07-05T19:14:24,0,accident,2,clear,False
2250,2026-07-05T13:20:17,0,accident,3,clear,False
2251,2026-07-05T13:13:26,0,disturbance,2,clear,False
2252,2026-07-05T14:39:06,0,assault,4,clear,False
2253,2026-07-05T15:04:07,0,accident,4,clear,False
2254,2026-07-05T06:44:16,1,theft,2,clear,False
2255,2026-07-05T04:38:55,1,accident,4,clear,False
2256,2026-07-05T14:36:19,2,assault,4,clear,False
2257,2026-07-05T02:04:52,2,assault,4,clear,False
2258,2026-07-05T02:23:03,3,disturbance,3,clear,False
2259,2026-07-05T18:47:14,3,medical_emergency,3,clear,False
2260,2026-07-05T10:31:53,3,accident,4,clear,False
2261,2026-07-05T05:16:49,3,accident,4,clear,False
2262,2026-07-05T16:27:45,3,medical_emergency,2,clear,False
2263,2026-07-05T09:32:05,4,assault,1,clear,False
2264,2026-07-05T01:03:13,5,fire,4,clear,False
2265,2026-07-05T18:29:56,5,assault,4,clear,False
2266,2026-07-05T02:42:51,5,disturbance,3,clear,False
2267,2026-07-05T08:53:45,5,theft,2,clear,False
2268,2026-07-05T20:43:17,5,medical_emergency,1,clear,False
2269,2026-07-05T22:06:41,6,theft,2,clear,False
2270,2026-07-05T09:13:03,6,medical_emergency,2,clear,False
2271,2026-07-05T17:40:56,6,theft,3,clear,False
2272,2026-07-05T22:19:39,6,disturbance,2,clear,False
2273,2026-07-05T22:39:49,6,disturbance,5,clear,False
2274,2026-07-05T10:06:00,6,accident,5,clear,False
2275,2026-07-05T05:31:28,6,accident,4,clear,False
2276,2026-07-05T08:17:53,7,accident,5,clear,False
2277,2026-07-05T20:23:37,8,theft,3,clear,False
2278,2026-07-05T14:06:39,8,medical_emergency,5,clear,False
2279,2026-07-05T06:55:25,8,medical_emergency,3,clear,False
2280,2026-07-05T22:36:49,8,disturbance,5,clear,False
2281,2026-07-05T12:45:05,9,disturbance,5,clear,False
2282,2026-07-05T22:21:59,9,accident,3,clear,False
2283,2026-07-05T08:13:18,9,theft,5,clear,False
2284,2026-07-05T16:30:30,9,medical_emergency,1,clear,False
2285,2026-07-06T22:13:04,0,medical_emergency,3,storm,False
2286,2026-07-06T08:43:08,0,assault,2,storm,False
2287,2026-07-06T08:42:26,0,assault,2,storm,False
2288,2026-07-06T23:32:36,0,assault,5,storm,False
2289,2026-07-06T18:42:24,0,medical_emergency,2,storm,False
2290,2026-07-06T20:06:45,0,accident,3,storm,False
2291,2026-07-06T00:32:34,0,disturbance,3,storm,False
2292,2026-07-06T00:47:44,0,disturbance,5,storm,False
2293,2026-07-06T00:53:46,1,accident,5,storm,False
2294,2026-07-06T16:14:34,1,medical_emergency,5,storm,False
2295,2026-07-06T16:31:50,1,medical_emergency,1,storm,False
2296,2026-07-06T16:57:49,2,accident,1,storm,False
2297,2026-07-06T08:29:25,2,disturbance,2,storm,False
2298,2026-07-06T06:07:51,2,fire,4,storm,False
2299,2026-07-06T06:54:09,2,medical_emergency,3,storm,False
2300,2026-07-06T13:40:08,3,medical_emergency,2,storm,False
2301,2026-07-06T01:21:24,3,disturbance,2,storm,False
2302,2026-07-06T07:04:15,3,accident,3,storm,False
2303,2026-07-06T15:56:15,3,theft,2,storm,False
2304,2026-07-06T13:21:13,3,assault,2,storm,False
2305,2026-07-06T01:20:17,3,disturbance,2,storm,False
2306,2026-07-06T10:24:07,3,medical_emergency,5,storm,False
2307,2026-07-06T02:52:25,3,assault,5,storm,False
2308,2026-07-06T07:52:59,5,accident,3,storm,False
2309,2026-07-06T04:43:26,5,accident,5,storm,False
2310,2026-07-06T14:56:40,5,medical_emergency,2,storm,False
2311,2026-07-06T23:22:17,5,theft,3,storm,False
2312,2026-07-06T01:55:25,5,accident,2,storm,False
2313,2026-07-06T03:47:03,6,medical_emergency,3,storm,False
2314,2026-07-06T08:40:06,6,medical_emergency,3,storm,False
2315,2026-07-06T18:25:25,6,accident,3,storm,False
2316,2026-07-06T03:57:40,6,medical_emergency,3,storm,False
2317,2026-07-06T15:54:51,6,medical_emergency,3,storm,False
2318,2026-07-06T01:58:47,7,assault,1,storm,False
2319,2026-07-06T22:14:14,7,assault,2,storm,False
2320,2026-07-06T23:21:43,8,assault,2,storm,False
2321,2026-07-06T02:01:30,8,theft,3,storm,False
2322,2026-07-06T02:30:41,8,theft,1,storm,False
2323,2026-07-06T15:08:44,8,theft,1,storm,False
2324,2026-07-06T18:50:54,8,assault,1,storm,False
2325,2026-07-06T04:43:33,9,assault,5,storm,False
2326,2026-07-06T19:02:53,9,medical_emergency,1,storm,False
2327,2026-07-06T03:43:20,9,disturbance,1,storm,False
2328,2026-07-07T17:31:03,0,medical_emergency,4,rain,False
2329,2026-07-07T07:23:32,0,disturbance,2,rain,False
2330,2026-07-07T05:35:07,0,assault,3,rain,False
2331,2026-07-07T18:39:09,0,medical_emergency,3,rain,False
2332,2026-07-07T14:29:09,0,theft,1,rain,False
2333,2026-07-07T05:05:51,0,accident,2,rain,False
2334,2026-07-07T16:25:09,0,theft,1,rain,False
2335,2026-07-07T00:30:58,0,accident,5,rain,False
2336,2026-07-07T03:21:53,1,theft,1,rain,False
2337,2026-07-07T22:22:31,1,medical_emergency,4,rain,False
2338,2026-07-07T08:46:28,1,accident,2,rain,False
2339,2026-07-07T02:17:27,2,accident,4,rain,False
2340,2026-07-07T17:11:35,3,disturbance,3,rain,False
2341,2026-07-07T21:26:38,3,accident,4,rain,False
2342,2026-07-07T03:54:49,4,medical_emergency,3,rain,False
2343,2026-07-07T22:31:19,5,medical_emergency,4,rain,False
2344,2026-07-07T05:47:03,5,theft,2,rain,False
2345,2026-07-07T18:13:03,5,assault,3,rain,False
2346,2026-07-07T06:38:41,6,theft,2,rain,False
2347,2026-07-07T05:02:46,6,theft,2,rain,False
2348,2026-07-07T07:20:03,6,fire,3,rain,False
2349,2026-07-07T21:21:13,6,theft,1,rain,False
2350,2026-07-07T09:40:04,7,accident,4,rain,False
2351,2026-07-07T07:50:39,8,assault,2,rain,False
2352,2026-07-07T13:59:43,8,medical_emergency,4,rain,False
2353,2026-07-07T16:52:14,8,accident,4,rain,False
2354,2026-07-07T12:48:50,8,fire,5,rain,False
2355,2026-07-07T04:46:59,8,medical_emergency,2,rain,False
2356,2026-07-08T21:00:00,0,theft,2,clear,False
2357,2026-07-08T04:41:25,0,theft,2,clear,False
2358,2026-07-08T08:39:08,0,medical_emergency,4,clear,False
2359,2026-07-08T04:20:24,0,accident,1,clear,False
2360,2026-07-08T19:31:28,1,theft,1,clear,False
2361,2026-07-08T12:30:16,1,theft,2,clear,False
2362,2026-07-08T04:16:41,1,assault,2,clear,False
2363,2026-07-08T19:30:34,1,accident,2,clear,False
2364,2026-07-08T10:35:25,1,fire,2,clear,False
2365,2026-07-08T20:31:47,3,disturbance,1,clear,False
2366,2026-07-08T02:37:52,3,disturbance,2,clear,False
2367,2026-07-08T04:48:13,4,accident,5,clear,False
2368,2026-07-08T04:16:57,4,medical_emergency,1,clear,False
2369,2026-07-08T20:03:07,4,theft,4,clear,False
2370,2026-07-08T07:19:20,5,medical_emergency,3,clear,False
2371,2026-07-08T18:15:40,5,theft,3,clear,False
2372,2026-07-08T04:24:27,5,assault,3,clear,False
2373,2026-07-08T18:09:55,6,theft,2,clear,False
2374,2026-07-08T09:19:30,6,accident,3,clear,False
2375,2026-07-08T01:11:03,6,theft,1,clear,False
2376,2026-07-08T19:14:44,6,medical_emergency,5,clear,False
2377,2026-07-08T15:46:22,6,medical_emergency,4,clear,False
2378,2026-07-08T22:32:39,6,disturbance,1,clear,False
2379,2026-07-08T22:07:17,6,theft,3,clear,False
2380,2026-07-08T20:42:53,6,theft,1,clear,False
2381,2026-07-08T14:07:09,6,theft,3,clear,False
2382,2026-07-08T20:29:01,7,theft,1,clear,True
2383,2026-07-08T10:47:27,7,theft,3,clear,True
2384,2026-07-08T13:46:22,7,disturbance,5,clear,True
2385,2026-07-08T07:05:49,7,accident,1,clear,True
2386,2026-07-08T05:40:00,7,theft,4,clear,True
2387,2026-07-08T02:29:36,7,assault,4,clear,True
2388,2026-07-08T06:52:25,7,disturbance,3,clear,True
2389,2026-07-08T18:21:18,7,disturbance,3,clear,True
2390,2026-07-08T09:22:01,8,theft,1,clear,False
2391,2026-07-08T22:41:04,9,assault,3,clear,False
2392,2026-07-08T22:00:44,9,disturbance,1,clear,False
2393,2026-07-08T21:06:58,9,theft,1,clear,False
2394,2026-07-08T04:58:00,9,accident,3,clear,False
2395,2026-07-08T11:59:46,9,medical_emergency,2,clear,False
2396,2026-07-08T12:47:36,9,medical_emergency,3,clear,False
2397,2026-07-09T11:00:49,0,disturbance,2,storm,True
2398,2026-07-09T06:10:07,0,fire,4,storm,True
2399,2026-07-09T23:15:35,0,assault,5,storm,True
2400,2026-07-09T10:05:24,0,assault,3,storm,True
2401,2026-07-09T15:03:31,0,disturbance,1,storm,True
2402,2026-07-09T21:13:43,0,accident,2,storm,True
2403,2026-07-09T21:46:46,0,medical_emergency,3,storm,True
2404,2026-07-09T01:03:06,0,theft,3,storm,True
2405,2026-07-09T06:14:38,0,medical_emergency,2,storm,True
2406,2026-07-09T18:39:02,0,accident,5,storm,True
2407,2026-07-09T08:25:47,0,disturbance,2,storm,True
2408,2026-07-09T16:23:16,0,medical_emergency,2,storm,True
2409,2026-07-09T06:39:26,0,theft,4,storm,True
2410,2026-07-09T13:38:25,0,theft,3,storm,True
2411,2026-07-09T02:26:41,1,assault,2,storm,False
2412,2026-07-09T10:09:26,1,medical_emergency,4,storm,False
2413,2026-07-09T17:35:42,1,accident,5,storm,False
2414,2026-07-09T07:49:04,1,disturbance,3,storm,False
2415,2026-07-09T16:20:33,1,assault,4,storm,False
2416,2026-07-09T13:36:46,2,disturbance,5,storm,False
2417,2026-07-09T13:13:47,2,theft,1,storm,False
2418,2026-07-09T10:46:40,2,assault,5,storm,False
2419,2026-07-09T18:05:54,3,accident,2,storm,False
2420,2026-07-09T06:47:06,3,fire,3,storm,False
2421,2026-07-09T08:38:22,3,medical_emergency,1,storm,False
2422,2026-07-09T00:12:13,3,theft,2,storm,False
2423,2026-07-09T21:20:35,4,theft,1,storm,False
2424,2026-07-09T05:39:29,4,accident,3,storm,False
2425,2026-07-09T08:40:12,5,accident,4,storm,False
2426,2026-07-09T05:44:30,5,theft,2,storm,False
2427,2026-07-09T03:46:17,5,accident,5,storm,False
2428,2026-07-09T23:05:24,5,accident,2,storm,False
2429,2026-07-09T04:36:22,5,accident,2,storm,False
2430,2026-07-09T13:53:20,6,assault,3,storm,False
2431,2026-07-09T12:39:53,6,theft,5,storm,False
2432,2026-07-09T18:51:23,6,medical_emergency,2,storm,False
2433,2026-07-09T04:43:38,6,accident,4,storm,False
2434,2026-07-09T21:28:26,6,medical_emergency,3,storm,False
2435,2026-07-09T03:38:28,6,medical_emergency,4,storm,False
2436,2026-07-09T00:49:21,7,disturbance,2,storm,False
2437,2026-07-09T08:16:40,8,accident,4,storm,False
2438,2026-07-09T04:36:15,8,accident,2,storm,False
2439,2026-07-09T04:18:53,8,disturbance,3,storm,False
2440,2026-07-09T12:59:23,8,accident,5,storm,False
2441,2026-07-09T15:46:02,8,assault,3,storm,False
2442,2026-07-09T02:35:04,8,medical_emergency,3,storm,False
2443,2026-07-09T23:05:51,9,assault,4,storm,False
2444,2026-07-09T20:10:34,9,medical_emergency,4,storm,False
2445,2026-07-09T12:59:33,9,theft,2,storm,False
2446,2026-07-10T14:28:42,0,medical_emergency,3,clear,False
2447,2026-07-10T05:50:06,1,disturbance,3,clear,False
2448,2026-07-10T19:04:34,1,assault,4,clear,False
2449,2026-07-10T07:25:50,1,fire,3,clear,False
2450,2026-07-10T09:09:09,1,disturbance,2,clear,False
2451,2026-07-10T17:37:45,2,medical_emergency,3,clear,False
2452,2026-07-10T16:16:17,2,fire,3,clear,False
2453,2026-07-10T05:34:28,2,assault,3,clear,False
2454,2026-07-10T01:40:00,3,accident,4,clear,False
2455,2026-07-10T14:13:26,3,assault,3,clear,False
2456,2026-07-10T08:43:21,4,theft,2,clear,False
2457,2026-07-10T00:56:57,4,theft,2,clear,False
2458,2026-07-10T13:04:46,5,accident,3,clear,False
2459,2026-07-10T03:11:57,5,disturbance,3,clear,False
2460,2026-07-10T15:06:20,6,accident,3,clear,True
2461,2026-07-10T16:09:53,6,assault,4,clear,True
2462,2026-07-10T09:33:40,6,accident,4,clear,True
2463,2026-07-10T07:40:42,6,accident,4,clear,True
2464,2026-07-10T04:51:27,6,disturbance,5,clear,True
2465,2026-07-10T21:55:56,6,fire,4,clear,True
2466,2026-07-10T17:54:02,6,accident,3,clear,True
2467,2026-07-10T23:27:14,6,disturbance,2,clear,True
2468,2026-07-10T18:42:17,6,accident,4,clear,True
2469,2026-07-10T21:28:37,6,theft,1,clear,True
2470,2026-07-10T02:52:34,6,theft,1,clear,True
2471,2026-07-10T14:51:05,7,medical_emergency,5,clear,False
2472,2026-07-10T15:51:07,9,theft,1,clear,False
2473,2026-07-10T07:15:11,9,assault,5,clear,False
2474,2026-07-10T05:24:32,9,assault,2,clear,False
2475,2026-07-10T09:37:58,9,medical_emergency,5,clear,False
2476,2026-07-10T23:44:21,9,disturbance,3,clear,False
2477,2026-07-10T17:34:50,9,assault,4,clear,False
2478,2026-07-10T04:13:36,9,theft,1,clear,False
2479,2026-07-11T04:02:48,1,accident,4,rain,False
2480,2026-07-11T19:45:18,1,accident,5,rain,False
2481,2026-07-11T21:23:12,1,fire,2,rain,False
2482,2026-07-11T19:42:15,3,theft,2,rain,False
2483,2026-07-11T21:22:42,3,disturbance,1,rain,False
2484,2026-07-11T10:59:16,3,medical_emergency,2,rain,False
2485,2026-07-11T11:42:01,3,accident,5,rain,False
2486,2026-07-11T09:33:47,4,fire,5,rain,False
2487,2026-07-11T15:40:39,4,fire,4,rain,False
2488,2026-07-11T17:57:45,4,accident,4,rain,False
2489,2026-07-11T21:11:27,4,medical_emergency,2,rain,False
2490,2026-07-11T17:10:53,5,disturbance,3,rain,False
2491,2026-07-11T20:59:12,5,medical_emergency,4,rain,False
2492,2026-07-11T12:24:14,5,medical_emergency,2,rain,False
2493,2026-07-11T07:11:48,5,accident,2,rain,False
2494,2026-07-11T10:45:51,5,medical_emergency,3,rain,False
2495,2026-07-11T04:45:23,6,theft,2,rain,False
2496,2026-07-11T04:29:15,6,accident,3,rain,False
2497,2026-07-11T09:06:52,6,accident,3,rain,False
2498,2026-07-11T12:43:13,6,assault,4,rain,False
2499,2026-07-11T15:56:59,6,assault,2,rain,False
2500,2026-07-11T05:47:15,6,theft,2,rain,False
2501,2026-07-11T14:27:33,7,theft,1,rain,False
2502,2026-07-11T07:37:56,7,theft,1,rain,False
2503,2026-07-11T04:08:55,8,disturbance,1,rain,False
2504,2026-07-11T09:55:31,8,disturbance,3,rain,False
2505,2026-07-11T14:21:29,8,theft,5,rain,False
2506,2026-07-11T04:23:54,8,assault,2,rain,False
2507,2026-07-11T18:53:27,9,theft,2,rain,False
2508,2026-07-11T01:31:35,9,fire,5,rain,False
2509,2026-07-11T22:13:36,9,assault,3,rain,False
2510,2026-07-12T07:08:09,0,accident,4,clear,False
2511,2026-07-12T08:19:17,0,disturbance,2,clear,False
2512,2026-07-12T12:20:04,0,accident,4,clear,False
2513,2026-07-12T16:48:37,0,disturbance,1,clear,False
2514,2026-07-12T02:44:22,0,disturbance,3,clear,False
2515,2026-07-12T14:32:35,0,accident,4,clear,False
2516,2026-07-12T03:12:21,1,disturbance,2,clear,False
2517,2026-07-12T01:44:06,2,disturbance,3,clear,False
2518,2026-07-12T07:40:57,2,medical_emergency,2,clear,False
2519,2026-07-12T01:05:43,2,accident,4,clear,False
2520,2026-07-12T03:35:25,3,accident,5,clear,False
2521,2026-07-12T12:23:12,4,disturbance,4,clear,False
2522,2026-07-12T07:47:14,5,accident,4,clear,False
2523,2026-07-12T14:17:12,5,medical_emergency,3,clear,False
2524,2026-07-12T09:08:51,5,assault,2,clear,False
2525,2026-07-12T11:36:53,5,theft,2,clear,False
2526,2026-07-12T10:58:38,5,accident,4,clear,False
2527,2026-07-12T18:27:17,6,medical_emergency,4,clear,False
2528,2026-07-12T04:06:22,6,accident,3,clear,False
2529,2026-07-12T07:43:36,6,theft,2,clear,False
2530,2026-07-12T09:59:17,7,fire,5,clear,False
2531,2026-07-12T03:39:01,7,theft,4,clear,False
2532,2026-07-12T12:43:28,8,disturbance,2,clear,False
2533,2026-07-12T10:45:25,8,disturbance,3,clear,False
2534,2026-07-12T09:53:11,9,medical_emergency,4,clear,False
2535,2026-07-12T04:32:09,9,theft,4,clear,False
2536,2026-07-12T19:38:06,9,medical_emergency,4,clear,False
2537,2026-07-12T07:50:07,9,accident,2,clear,False
2538,2026-07-13T23:48:59,0,theft,2,clear,False
2539,2026-07-13T15:16:46,0,medical_emergency,3,clear,False
2540,2026-07-13T20:11:57,0,assault,3,clear,False
2541,2026-07-13T13:22:39,1,assault,4,clear,False
2542,2026-07-13T22:59:23,1,accident,4,clear,False
2543,2026-07-13T03:00:16,1,theft,1,clear,False
2544,2026-07-13T02:16:08,2,assault,2,clear,False
2545,2026-07-13T13:08:38,2,theft,2,clear,False
2546,2026-07-13T18:42:47,3,assault,2,clear,False
2547,2026-07-13T10:03:24,3,accident,5,clear,False
2548,2026-07-13T11:29:20,3,theft,2,clear,False
2549,2026-07-13T07:59:20,3,accident,4,clear,False
2550,2026-07-13T12:36:03,3,accident,4,clear,False
2551,2026-07-13T12:13:21,3,theft,2,clear,False
2552,2026-07-13T21:42:55,3,medical_emergency,3,clear,False
2553,2026-07-13T07:55:42,4,disturbance,3,clear,False
2554,2026-07-13T05:28:31,5,medical_emergency,3,clear,False
2555,2026-07-13T15:25:52,5,theft,1,clear,False
2556,2026-07-13T18:25:54,5,theft,1,clear,False
2557,2026-07-13T18:42:41,5,theft,2,clear,False
2558,2026-07-13T18:37:27,5,medical_emergency,3,clear,False
2559,2026-07-13T09:12:10,5,accident,2,clear,False
2560,2026-07-13T12:03:08,5,theft,1,clear,False
2561,2026-07-13T08:44:41,6,medical_emergency,5,clear,False
2562,2026-07-13T15:48:02,6,medical_emergency,3,clear,False
2563,2026-07-13T20:57:36,6,fire,3,clear,False
2564,2026-07-13T15:40:20,7,accident,5,clear,False
2565,2026-07-13T09:45:24,8,fire,1,clear,False
2566,2026-07-13T04:37:27,8,theft,1,clear,False
2567,2026-07-13T23:52:08,8,assault,4,clear,False
2568,2026-07-13T09:55:39,8,assault,4,clear,False
2569,2026-07-13T00:28:10,9,accident,3,clear,False
2570,2026-07-13T20:37:51,9,medical_emergency,3,clear,False
2571,2026-07-13T12:27:45,9,assault,2,clear,False
2572,2026-07-14T08:17:38,0,medical_emergency,2,clear,False
2573,2026-07-14T08:41:15,0,assault,1,clear,False
2574,2026-07-14T11:42:43,0,theft,2,clear,False
2575,2026-07-14T14:52:56,1,accident,3,clear,False
2576,2026-07-14T03:59:14,1,theft,4,clear,False
2577,2026-07-14T17:52:46,1,medical_emergency,3,clear,False
2578,2026-07-14T14:12:03,2,disturbance,5,clear,False
2579,2026-07-14T07:31:36,2,theft,2,clear,False
2580,2026-07-14T23:46:12,2,disturbance,4,clear,False
2581,2026-07-14T10:00:11,3,theft,1,clear,False
2582,2026-07-14T01:32:15,3,disturbance,3,clear,False
2583,2026-07-14T01:46:59,3,assault,4,clear,False
2584,2026-07-14T07:21:11,3,medical_emergency,2,clear,False
2585,2026-07-14T08:31:29,4,accident,2,clear,False
2586,2026-07-14T01:32:22,4,assault,2,clear,False
2587,2026-07-14T21:05:03,4,medical_emergency,3,clear,False
2588,2026-07-14T19:48:40,5,accident,4,clear,False
2589,2026-07-14T02:46:02,5,disturbance,4,clear,False
2590,2026-07-14T15:52:00,5,fire,5,clear,False
2591,2026-07-14T21:38:25,5,theft,1,clear,False
2592,2026-07-14T07:58:14,5,medical_emergency,1,clear,False
2593,2026-07-14T01:15:07,6,disturbance,1,clear,False
2594,2026-07-14T23:56:05,6,disturbance,2,clear,False
2595,2026-07-14T19:01:47,6,medical_emergency,3,clear,False
2596,2026-07-14T20:47:13,6,accident,3,clear,False
2597,2026-07-14T08:40:52,7,medical_emergency,4,clear,False
2598,2026-07-14T10:52:04,8,assault,2,clear,True
2599,2026-07-14T15:50:15,8,accident,3,clear,True
2600,2026-07-14T02:09:43,8,assault,2,clear,True
2601,2026-07-14T12:12:35,8,theft,1,clear,True
2602,2026-07-14T14:13:34,8,accident,4,clear,True
2603,2026-07-14T18:57:57,8,medical_emergency,4,clear,True
2604,2026-07-14T15:42:35,8,theft,3,clear,True
2605,2026-07-14T21:39:52,8,theft,2,clear,True
2606,2026-07-14T21:58:15,8,theft,1,clear,True
2607,2026-07-14T14:29:07,8,disturbance,3,clear,True
2608,2026-07-14T22:09:14,9,disturbance,1,clear,False
2609,2026-07-14T09:53:37,9,medical_emergency,1,clear,False
2610,2026-07-14T16:14:40,9,medical_emergency,4,clear,False
2611,2026-07-15T11:06:52,0,theft,2,clear,False
2612,2026-07-15T13:16:39,0,disturbance,1,clear,False
2613,2026-07-15T00:09:44,0,disturbance,1,clear,False
2614,2026-07-15T15:34:33,0,theft,1,clear,False
2615,2026-07-15T05:22:32,0,medical_emergency,2,clear,False
2616,2026-07-15T22:12:51,0,assault,3,clear,False
2617,2026-07-15T12:32:26,1,medical_emergency,4,clear,False
2618,2026-07-15T20:40:23,1,theft,1,clear,False
2619,2026-07-15T08:32:34,1,assault,4,clear,False
2620,2026-07-15T12:28:15,2,assault,4,clear,False
2621,2026-07-15T12:16:10,2,assault,4,clear,False
2622,2026-07-15T22:02:40,3,fire,4,clear,False
2623,2026-07-15T17:54:43,3,medical_emergency,2,clear,False
2624,2026-07-15T14:09:58,3,medical_emergency,3,clear,False
2625,2026-07-15T23:09:17,4,theft,2,clear,False
2626,2026-07-15T18:47:46,5,medical_emergency,3,clear,False
2627,2026-07-15T00:38:48,5,disturbance,3,clear,False
2628,2026-07-15T08:34:37,6,theft,3,clear,False
2629,2026-07-15T09:54:32,6,assault,4,clear,False
2630,2026-07-15T16:45:42,6,theft,1,clear,False
2631,2026-07-15T19:09:49,6,accident,4,clear,False
2632,2026-07-15T11:36:43,6,theft,5,clear,False
2633,2026-07-15T18:46:18,6,accident,4,clear,False
2634,2026-07-15T22:46:16,6,medical_emergency,3,clear,False
2635,2026-07-15T19:16:38,6,accident,3,clear,False
2636,2026-07-15T17:13:05,6,fire,4,clear,False
2637,2026-07-15T16:47:38,7,medical_emergency,3,clear,False
2638,2026-07-15T13:37:08,8,assault,5,clear,False
2639,2026-07-15T16:19:12,8,theft,2,clear,False
2640,2026-07-15T03:06:43,9,medical_emergency,2,clear,False
2641,2026-07-15T11:56:35,9,theft,5,clear,False
2642,2026-07-15T07:07:11,9,medical_emergency,4,clear,False
2643,2026-07-16T12:55:59,0,theft,2,clear,False
2644,2026-07-16T07:02:39,0,theft,1,clear,False
2645,2026-07-16T19:13:53,0,medical_emergency,5,clear,False
2646,2026-07-16T07:06:07,0,theft,1,clear,False
2647,2026-07-16T17:38:14,1,assault,3,clear,False
2648,2026-07-16T22:04:48,1,assault,3,clear,False
2649,2026-07-16T05:41:55,1,accident,4,clear,False
2650,2026-07-16T12:25:09,2,disturbance,1,clear,False
2651,2026-07-16T22:20:28,2,assault,4,clear,False
2652,2026-07-16T05:39:09,2,accident,4,clear,False
2653,2026-07-16T19:15:18,2,medical_emergency,4,clear,False
2654,2026-07-16T09:06:05,3,theft,5,clear,False
2655,2026-07-16T22:07:22,3,disturbance,3,clear,False
2656,2026-07-16T10:02:46,4,theft,4,clear,False
2657,2026-07-16T21:59:24,4,assault,5,clear,False
2658,2026-07-16T08:48:04,5,medical_emergency,4,clear,False
2659,2026-07-16T16:51:09,5,assault,3,clear,False
2660,2026-07-16T08:34:34,5,disturbance,1,clear,False
2661,2026-07-16T12:22:33,6,assault,4,clear,False
2662,2026-07-16T13:53:27,6,assault,4,clear,False
2663,2026-07-16T13:07:17,6,theft,2,clear,False
2664,2026-07-16T14:08:16,6,theft,2,clear,False
2665,2026-07-16T06:28:20,7,theft,2,clear,False
2666,2026-07-16T00:30:30,8,disturbance,2,clear,False
2667,2026-07-16T23:35:51,8,assault,4,clear,False
2668,2026-07-16T18:52:11,9,medical_emergency,1,clear,False
2669,2026-07-16T06:37:28,9,disturbance,1,clear,False
2670,2026-07-16T13:10:39,9,accident,5,clear,False
2671,2026-07-17T13:43:52,0,accident,1,clear,False
2672,2026-07-17T06:53:57,0,theft,2,clear,False
2673,2026-07-17T18:50:20,0,assault,3,clear,False
2674,2026-07-17T04:38:38,0,theft,1,clear,False
2675,2026-07-17T12:39:57,0,disturbance,4,clear,False
2676,2026-07-17T03:28:22,0,disturbance,1,clear,False
2677,2026-07-17T06:09:26,1,theft,1,clear,False
2678,2026-07-17T22:43:13,2,assault,5,clear,False
2679,2026-07-17T12:10:26,2,medical_emergency,3,clear,False
2680,2026-07-17T19:41:42,2,theft,2,clear,False
2681,2026-07-17T05:04:12,3,accident,4,clear,False
2682,2026-07-17T13:11:09,3,disturbance,1,clear,False
2683,2026-07-17T03:36:43,3,disturbance,2,clear,False
2684,2026-07-17T16:32:54,3,theft,1,clear,False
2685,2026-07-17T04:07:24,3,theft,3,clear,False
2686,2026-07-17T08:28:06,4,accident,3,clear,False
2687,2026-07-17T10:41:36,4,assault,5,clear,False
2688,2026-07-17T22:11:16,5,accident,5,clear,False
2689,2026-07-17T00:07:26,5,accident,4,clear,False
2690,2026-07-17T06:24:21,5,medical_emergency,4,clear,False
2691,2026-07-17T00:14:33,5,disturbance,3,clear,False
2692,2026-07-17T22:59:17,6,medical_emergency,2,clear,False
2693,2026-07-17T21:55:00,6,theft,4,clear,False
2694,2026-07-17T12:30:38,6,disturbance,2,clear,False
2695,2026-07-17T23:33:11,6,disturbance,1,clear,False
2696,2026-07-17T04:53:38,6,fire,2,clear,False
2697,2026-07-17T12:33:40,8,medical_emergency,3,clear,False
2698,2026-07-17T17:15:40,9,accident,3,clear,False
2699,2026-07-17T01:26:16,9,accident,5,clear,False
2700,2026-07-17T12:46:30,9,medical_emergency,2,clear,False
2701,2026-07-18T05:54:22,0,assault,2,clear,False
2702,2026-07-18T09:07:08,0,fire,5,clear,False
2703,2026-07-18T21:36:52,0,disturbance,3,clear,False
2704,2026-07-18T11:17:12,0,accident,4,clear,False
2705,2026-07-18T17:03:35,1,medical_emergency,4,clear,False
2706,2026-07-18T20:07:04,3,disturbance,1,clear,False
2707,2026-07-18T06:44:19,3,accident,3,clear,False
2708,2026-07-18T16:11:37,3,disturbance,1,clear,False
2709,2026-07-18T16:25:10,4,medical_emergency,2,clear,False
2710,2026-07-18T19:18:28,5,accident,4,clear,False
2711,2026-07-18T22:25:13,5,accident,4,clear,False
2712,2026-07-18T10:49:27,5,accident,3,clear,False
2713,2026-07-18T22:36:50,5,fire,3,clear,False
2714,2026-07-18T05:31:26,5,theft,3,clear,False
2715,2026-07-18T12:06:07,6,theft,2,clear,False
2716,2026-07-18T11:24:00,6,theft,2,clear,False
2717,2026-07-18T07:21:39,6,theft,1,clear,False
2718,2026-07-18T00:50:37,6,disturbance,4,clear,False
2719,2026-07-18T20:05:30,6,fire,5,clear,False
2720,2026-07-18T11:11:08,8,theft,3,clear,False
2721,2026-07-18T00:22:48,8,assault,2,clear,False
2722,2026-07-18T00:04:33,8,accident,3,clear,False
2723,2026-07-18T06:18:32,8,disturbance,2,clear,False
2724,2026-07-18T23:00:46,8,assault,1,clear,False
2725,2026-07-18T17:49:00,8,theft,2,clear,False
2726,2026-07-18T15:01:29,9,theft,4,clear,False
2727,2026-07-18T17:46:55,9,accident,5,clear,False
2728,2026-07-19T10:33:21,0,disturbance,3,clear,False
2729,2026-07-19T10:41:31,0,medical_emergency,4,clear,False
2730,2026-07-19T09:39:10,0,medical_emergency,1,clear,False
2731,2026-07-19T12:46:45,0,assault,1,clear,False
2732,2026-07-19T04:08:21,0,medical_emergency,4,clear,False
2733,2026-07-19T18:24:59,1,theft,1,clear,False
2734,2026-07-19T01:35:32,1,theft,3,clear,False
2735,2026-07-19T02:56:44,1,accident,4,clear,False
2736,2026-07-19T04:49:55,1,medical_emergency,2,clear,False
2737,2026-07-19T02:33:27,2,theft,3,clear,False
2738,2026-07-19T19:10:06,2,assault,3,clear,False
2739,2026-07-19T14:55:07,2,theft,1,clear,False
2740,2026-07-19T07:50:24,3,theft,3,clear,False
2741,2026-07-19T15:01:42,3,fire,3,clear,False
2742,2026-07-19T12:24:48,4,accident,5,clear,False
2743,2026-07-19T11:24:42,4,medical_emergency,4,clear,False
2744,2026-07-19T00:23:49,4,theft,1,clear,False
2745,2026-07-19T18:59:08,5,theft,3,clear,True
2746,2026-07-19T11:03:30,5,theft,1,clear,True
2747,2026-07-19T22:21:38,5,assault,5,clear,True
2748,2026-07-19T11:40:11,5,disturbance,1,clear,True
2749,2026-07-19T02:35:45,5,assault,2,clear,True
2750,2026-07-19T02:47:16,5,theft,3,clear,True
2751,2026-07-19T11:50:58,6,theft,2,clear,False
2752,2026-07-19T19:44:15,6,theft,2,clear,False
2753,2026-07-19T19:24:33,6,medical_emergency,2,clear,False
2754,2026-07-19T21:03:43,6,medical_emergency,5,clear,False
2755,2026-07-19T19:21:10,6,medical_emergency,2,clear,False
2756,2026-07-19T19:39:33,7,accident,4,clear,False
2757,2026-07-19T21:40:49,7,accident,3,clear,False
2758,2026-07-19T13:43:33,8,accident,3,clear,False
2759,2026-07-19T17:40:54,8,accident,4,clear,False
2760,2026-07-19T04:16:14,8,theft,3,clear,False
2761,2026-07-19T07:18:43,9,fire,3,clear,False
2762,2026-07-20T07:56:42,0,medical_emergency,2,storm,False
2763,2026-07-20T01:00:10,0,medical_emergency,3,storm,False
2764,2026-07-20T01:37:09,0,disturbance,2,storm,False
2765,2026-07-20T20:13:05,0,medical_emergency,2,storm,False
2766,2026-07-20T12:08:25,0,accident,3,storm,False
2767,2026-07-20T05:37:48,1,disturbance,2,storm,False
2768,2026-07-20T23:17:18,1,assault,3,storm,False
2769,2026-07-20T00:00:15,1,fire,3,storm,False
2770,2026-07-20T23:11:58,1,accident,5,storm,False
2771,2026-07-20T06:00:20,2,assault,3,storm,False
2772,2026-07-20T05:48:39,2,medical_emergency,3,storm,False
2773,2026-07-20T11:53:11,2,fire,5,storm,False
2774,2026-07-20T14:53:10,2,assault,5,storm,False
2775,2026-07-20T14:09:29,2,medical_emergency,3,storm,False
2776,2026-07-20T16:25:45,4,medical_emergency,2,storm,False
2777,2026-07-20T14:02:04,4,assault,1,storm,False
2778,2026-07-20T18:52:27,5,medical_emergency,2,storm,False
2779,2026-07-20T10:27:28,5,medical_emergency,3,storm,False
2780,2026-07-20T09:01:42,5,theft,4,storm,False
2781,2026-07-20T05:02:08,5,theft,1,storm,False
2782,2026-07-20T01:54:50,5,theft,1,storm,False
2783,2026-07-20T06:05:36,6,medical_emergency,1,storm,False
2784,2026-07-20T04:24:58,6,theft,2,storm,False
2785,2026-07-20T12:22:18,6,assault,3,storm,False
2786,2026-07-20T07:39:01,6,accident,4,storm,False
2787,2026-07-20T21:30:22,6,theft,3,storm,False
2788,2026-07-20T22:59:44,6,disturbance,1,storm,False
2789,2026-07-20T04:47:20,6,disturbance,2,storm,False
2790,2026-07-20T10:19:39,6,assault,1,storm,False
2791,2026-07-20T06:25:58,6,assault,4,storm,False
2792,2026-07-20T11:10:52,6,fire,5,storm,False
2793,2026-07-20T02:03:29,7,disturbance,1,storm,False
2794,2026-07-20T09:07:40,8,medical_emergency,2,storm,False
2795,2026-07-20T11:04:19,8,medical_emergency,2,storm,False
2796,2026-07-20T14:08:44,9,accident,3,storm,False
2797,2026-07-21T06:32:07,0,assault,4,clear,False
2798,2026-07-21T23:07:20,0,medical_emergency,3,clear,False
2799,2026-07-21T00:58:23,0,medical_emergency,2,clear,False
2800,2026-07-21T23:54:20,0,fire,4,clear,False
2801,2026-07-21T07:19:12,1,theft,3,clear,False
2802,2026-07-21T02:07:24,1,assault,4,clear,False
2803,2026-07-21T04:17:11,1,fire,2,clear,False
2804,2026-07-21T21:33:37,1,theft,2,clear,False
2805,2026-07-21T19:34:58,2,theft,3,clear,False
2806,2026-07-21T14:08:29,2,medical_emergency,1,clear,False
2807,2026-07-21T20:12:51,3,accident,2,clear,False
2808,2026-07-21T05:42:03,3,accident,4,clear,False
2809,2026-07-21T22:07:03,3,medical_emergency,3,clear,False
2810,2026-07-21T10:51:23,4,theft,1,clear,False
2811,2026-07-21T14:52:06,4,assault,2,clear,False
2812,2026-07-21T12:10:46,4,fire,3,clear,False
2813,2026-07-21T12:49:38,4,assault,4,clear,False
2814,2026-07-21T10:37:18,5,accident,5,clear,False
2815,2026-07-21T15:33:10,5,theft,1,clear,False
2816,2026-07-21T15:19:30,6,assault,4,clear,False
2817,2026-07-21T15:12:35,6,disturbance,2,clear,False
2818,2026-07-21T02:34:36,6,assault,3,clear,False
2819,2026-07-21T20:50:58,6,medical_emergency,2,clear,False
2820,2026-07-21T06:27:04,8,medical_emergency,4,clear,False
2821,2026-07-21T08:12:00,8,disturbance,2,clear,False
2822,2026-07-21T10:09:15,9,fire,3,clear,False
2823,2026-07-21T16:05:59,9,accident,5,clear,False
2824,2026-07-21T07:55:09,9,assault,2,clear,False
2825,2026-07-21T07:47:50,9,theft,5,clear,False
2826,2026-07-22T22:17:40,0,disturbance,2,clear,False
2827,2026-07-22T22:44:16,0,assault,2,clear,False
2828,2026-07-22T09:03:03,0,disturbance,2,clear,False
2829,2026-07-22T08:57:52,0,accident,4,clear,False
2830,2026-07-22T19:59:51,0,medical_emergency,5,clear,False
2831,2026-07-22T22:39:56,1,accident,4,clear,False
2832,2026-07-22T23:55:39,1,medical_emergency,4,clear,False
2833,2026-07-22T14:39:34,2,accident,2,clear,False
2834,2026-07-22T19:12:13,3,theft,2,clear,False
2835,2026-07-22T02:11:40,3,accident,1,clear,False
2836,2026-07-22T23:53:55,3,assault,2,clear,False
2837,2026-07-22T05:29:58,3,accident,4,clear,False
2838,2026-07-22T20:24:59,3,theft,1,clear,False
2839,2026-07-22T07:36:05,5,accident,3,clear,False
2840,2026-07-22T21:15:51,5,medical_emergency,2,clear,False
2841,2026-07-22T06:56:29,5,theft,3,clear,False
2842,2026-07-22T05:18:51,5,theft,1,clear,False
2843,2026-07-22T12:08:02,5,theft,3,clear,False
2844,2026-07-22T09:29:15,6,medical_emergency,4,clear,False
2845,2026-07-22T00:10:35,6,assault,3,clear,False
2846,2026-07-22T04:57:36,6,fire,4,clear,False
2847,2026-07-22T09:07:58,6,accident,4,clear,False
2848,2026-07-22T22:33:18,6,assault,4,clear,False
2849,2026-07-22T03:11:40,7,medical_emergency,5,clear,False
2850,2026-07-22T11:49:03,7,assault,3,clear,False
2851,2026-07-22T02:10:20,7,theft,1,clear,False
2852,2026-07-22T17:59:30,7,assault,2,clear,False
2853,2026-07-22T17:19:53,7,assault,3,clear,False
2854,2026-07-22T00:33:13,7,accident,2,clear,False
2855,2026-07-22T15:20:03,8,theft,1,clear,False
2856,2026-07-22T20:36:31,8,assault,1,clear,False
2857,2026-07-22T13:27:44,9,fire,3,clear,False
2858,2026-07-22T04:30:23,9,medical_emergency,5,clear,False
2859,2026-07-23T15:31:39,0,assault,4,rain,False
2860,2026-07-23T17:52:27,0,disturbance,5,rain,False
2861,2026-07-23T18:40:46,0,theft,4,rain,False
2862,2026-07-23T14:37:45,0,medical_emergency,3,rain,False
2863,2026-07-23T15:35:50,1,medical_emergency,4,rain,False
2864,2026-07-23T13:41:26,1,disturbance,4,rain,False
2865,2026-07-23T18:10:31,1,medical_emergency,3,rain,False
2866,2026-07-23T12:31:17,1,disturbance,1,rain,False
2867,2026-07-23T03:51:46,1,disturbance,2,rain,False
2868,2026-07-23T04:12:31,1,medical_emergency,3,rain,False
2869,2026-07-23T08:37:52,2,accident,3,rain,False
2870,2026-07-23T08:54:23,2,assault,5,rain,False
2871,2026-07-23T07:35:30,3,medical_emergency,5,rain,False
2872,2026-07-23T17:30:42,3,theft,3,rain,False
2873,2026-07-23T18:33:17,3,assault,2,rain,False
2874,2026-07-23T15:40:15,3,medical_emergency,4,rain,False
2875,2026-07-23T06:38:15,3,theft,2,rain,False
2876,2026-07-23T01:18:36,3,assault,2,rain,False
2877,2026-07-23T00:33:13,4,accident,1,rain,False
2878,2026-07-23T00:22:57,4,assault,4,rain,False
2879,2026-07-23T19:30:29,5,fire,4,rain,False
2880,2026-07-23T20:14:59,5,assault,4,rain,False
2881,2026-07-23T00:54:07,5,assault,4,rain,False
2882,2026-07-23T02:59:25,6,assault,1,rain,False
2883,2026-07-23T19:50:57,6,accident,4,rain,False
2884,2026-07-23T19:07:30,6,medical_emergency,3,rain,False
2885,2026-07-23T20:06:00,6,medical_emergency,4,rain,False
2886,2026-07-23T14:21:52,7,accident,3,rain,False
2887,2026-07-23T17:21:08,8,theft,2,rain,False
2888,2026-07-23T21:12:51,8,assault,3,rain,False
2889,2026-07-23T02:27:50,8,disturbance,2,rain,False
2890,2026-07-23T10:41:08,9,accident,5,rain,False
2891,2026-07-24T23:16:11,0,disturbance,2,storm,False
2892,2026-07-24T16:41:21,0,assault,3,storm,False
2893,2026-07-24T12:30:30,0,medical_emergency,5,storm,False
2894,2026-07-24T21:34:55,0,accident,2,storm,False
2895,2026-07-24T13:53:12,0,disturbance,2,storm,False
2896,2026-07-24T04:28:20,0,accident,3,storm,False
2897,2026-07-24T13:30:53,1,theft,4,storm,False
2898,2026-07-24T09:45:21,1,medical_emergency,3,storm,False
2899,2026-07-24T09:40:22,1,theft,4,storm,False
2900,2026-07-24T02:45:03,1,fire,4,storm,False
2901,2026-07-24T10:25:00,2,fire,4,storm,False
2902,2026-07-24T12:11:42,2,medical_emergency,2,storm,False
2903,2026-07-24T07:35:03,2,disturbance,2,storm,False
2904,2026-07-24T13:26:24,2,medical_emergency,4,storm,False
2905,2026-07-24T00:03:42,3,disturbance,3,storm,False
2906,2026-07-24T00:12:54,3,disturbance,2,storm,False
2907,2026-07-24T04:47:49,3,disturbance,3,storm,False
2908,2026-07-24T23:13:23,3,accident,3,storm,False
2909,2026-07-24T08:45:35,3,theft,4,storm,False
2910,2026-07-24T04:36:50,3,disturbance,2,storm,False
2911,2026-07-24T13:57:04,3,medical_emergency,3,storm,False
2912,2026-07-24T05:51:49,4,medical_emergency,2,storm,False
2913,2026-07-24T03:15:18,4,disturbance,5,storm,False
2914,2026-07-24T21:07:48,4,medical_emergency,2,storm,False
2915,2026-07-24T03:59:06,5,disturbance,1,storm,False
2916,2026-07-24T17:50:21,5,theft,2,storm,False
2917,2026-07-24T23:22:46,5,assault,2,storm,False
2918,2026-07-24T10:24:52,6,theft,3,storm,False
2919,2026-07-24T15:58:10,6,disturbance,3,storm,False
2920,2026-07-24T21:43:57,6,medical_emergency,4,storm,False
2921,2026-07-24T17:47:37,6,medical_emergency,2,storm,False
2922,2026-07-24T06:46:42,6,medical_emergency,4,storm,False
2923,2026-07-24T07:33:54,7,medical_emergency,3,storm,False
2924,2026-07-24T17:05:23,7,accident,4,storm,False
2925,2026-07-24T14:41:10,8,disturbance,2,storm,False
2926,2026-07-24T20:30:49,8,medical_emergency,3,storm,False
2927,2026-07-24T17:43:20,8,disturbance,3,storm,False
2928,2026-07-24T06:28:57,9,assault,4,storm,False
2929,2026-07-24T13:49:59,9,medical_emergency,1,storm,False
2930,2026-07-24T12:54:06,9,medical_emergency,1,storm,False
2931,2026-07-25T11:43:02,0,accident,3,clear,False
2932,2026-07-25T13:59:16,0,medical_emergency,2,clear,False
2933,2026-07-25T12:21:34,0,medical_emergency,3,clear,False
2934,2026-07-25T11:36:22,0,theft,2,clear,False
2935,2026-07-25T20:42:03,0,assault,1,clear,False
2936,2026-07-25T02:18:29,0,medical_emergency,2,clear,False
2937,2026-07-25T07:34:33,0,disturbance,3,clear,False
2938,2026-07-25T00:02:15,0,assault,4,clear,False
2939,2026-07-25T11:14:30,1,disturbance,5,clear,False
2940,2026-07-25T20:30:13,1,assault,4,clear,False
2941,2026-07-25T10:13:31,2,medical_emergency,1,clear,False
2942,2026-07-25T20:18:16,2,theft,3,clear,False
2943,2026-07-25T21:28:20,2,assault,3,clear,False
2944,2026-07-25T13:49:19,2,accident,5,clear,False
2945,2026-07-25T11:58:20,3,theft,3,clear,False
2946,2026-07-25T12:02:47,3,theft,2,clear,False
2947,2026-07-25T09:34:16,3,disturbance,2,clear,False
2948,2026-07-25T21:33:16,3,accident,5,clear,False
2949,2026-07-25T10:26:56,3,disturbance,1,clear,False
2950,2026-07-25T09:40:51,3,disturbance,3,clear,False
2951,2026-07-25T10:44:30,3,fire,4,clear,False
2952,2026-07-25T14:53:06,3,disturbance,3,clear,False
2953,2026-07-25T15:22:14,3,medical_emergency,4,clear,False
2954,2026-07-25T13:17:29,4,accident,3,clear,False
2955,2026-07-25T20:32:27,4,disturbance,2,clear,False
2956,2026-07-25T01:24:34,4,medical_emergency,4,clear,False
2957,2026-07-25T04:26:18,5,accident,5,clear,False
2958,2026-07-25T01:27:53,5,disturbance,3,clear,False
2959,2026-07-25T12:54:14,5,disturbance,1,clear,False
2960,2026-07-25T07:36:31,6,theft,3,clear,False
2961,2026-07-25T23:05:17,6,assault,3,clear,False
2962,2026-07-25T07:51:44,6,disturbance,3,clear,False
2963,2026-07-25T23:00:15,6,medical_emergency,2,clear,False
2964,2026-07-25T20:36:58,6,fire,4,clear,False
2965,2026-07-25T18:00:11,6,assault,4,clear,False
2966,2026-07-25T08:23:47,6,disturbance,1,clear,False
2967,2026-07-25T14:12:32,6,theft,2,clear,False
2968,2026-07-25T22:57:00,6,accident,4,clear,False
2969,2026-07-25T08:03:56,6,theft,3,clear,False
2970,2026-07-25T05:02:26,7,medical_emergency,1,clear,False
2971,2026-07-25T02:44:33,7,assault,4,clear,False
2972,2026-07-25T00:43:50,8,medical_emergency,3,clear,False
2973,2026-07-25T23:32:43,8,accident,3,clear,False
2974,2026-07-25T01:36:10,9,disturbance,3,clear,False
2975,2026-07-25T23:38:11,9,medical_emergency,3,clear,False
2976,2026-07-25T04:59:31,9,accident,4,clear,False
2977,2026-07-25T23:09:27,9,accident,2,clear,False
2978,2026-07-25T08:29:24,9,assault,5,clear,False
2979,2026-07-25T09:35:03,9,disturbance,2,clear,False
2980,2026-07-25T21:46:05,9,theft,2,clear,False
2981,2026-07-25T02:33:20,9,disturbance,3,clear,False
2982,2026-07-25T15:32:28,9,assault,5,clear,False
2983,2026-07-25T19:16:56,9,fire,4,clear,False
2984,2026-07-26T08:59:37,0,accident,4,clear,False
2985,2026-07-26T14:31:45,0,medical_emergency,3,clear,False
2986,2026-07-26T20:44:38,0,assault,3,clear,False
2987,2026-07-26T02:18:57,0,assault,5,clear,False
2988,2026-07-26T04:26:07,1,theft,1,clear,False
2989,2026-07-26T09:25:55,1,disturbance,2,clear,False
2990,2026-07-26T10:54:23,2,assault,3,clear,False
2991,2026-07-26T15:00:03,2,disturbance,5,clear,False
2992,2026-07-26T20:31:08,4,disturbance,3,clear,False
2993,2026-07-26T12:57:37,4,theft,2,clear,False
2994,2026-07-26T03:11:55,5,disturbance,4,clear,False
2995,2026-07-26T23:55:53,5,disturbance,3,clear,False
2996,2026-07-26T08:12:10,5,disturbance,1,clear,False
2997,2026-07-26T18:42:21,6,theft,1,clear,False
2998,2026-07-26T15:58:20,6,medical_emergency,3,clear,False
2999,2026-07-26T20:03:41,6,accident,3,clear,False
3000,2026-07-26T10:58:13,6,disturbance,3,clear,False
3001,2026-07-26T14:39:24,6,theft,1,clear,False
3002,2026-07-26T17:49:53,6,theft,1,clear,False
3003,2026-07-26T16:22:08,7,accident,3,clear,False
3004,2026-07-26T00:59:05,7,theft,3,clear,False
3005,2026-07-26T23:35:38,7,disturbance,3,clear,False
3006,2026-07-26T09:43:33,7,theft,4,clear,False
3007,2026-07-26T16:06:15,8,theft,2,clear,False
3008,2026-07-26T16:29:48,8,assault,4,clear,False
3009,2026-07-26T03:52:48,8,theft,3,clear,False
3010,2026-07-26T03:13:36,9,theft,1,clear,False
3011,2026-07-26T20:20:13,9,accident,4,clear,False
3012,2026-07-26T14:01:54,9,accident,4,clear,False
3013,2026-07-26T10:04:32,9,accident,4,clear,False
3014,2026-07-27T05:29:07,0,accident,4,clear,False
3015,2026-07-27T15:12:14,0,assault,5,clear,False
3016,2026-07-27T07:25:01,0,theft,1,clear,False
3017,2026-07-27T03:24:28,0,disturbance,2,clear,False
3018,2026-07-27T20:46:47,0,theft,2,clear,False
3019,2026-07-27T16:40:13,0,disturbance,2,clear,False
3020,2026-07-27T12:02:42,1,theft,3,clear,False
3021,2026-07-27T11:53:25,1,disturbance,2,clear,False
3022,2026-07-27T15:30:28,1,fire,3,clear,False
3023,2026-07-27T21:53:39,2,medical_emergency,3,clear,False
3024,2026-07-27T18:51:55,2,theft,2,clear,False
3025,2026-07-27T08:57:40,2,fire,4,clear,False
3026,2026-07-27T15:52:18,3,theft,2,clear,False
3027,2026-07-27T07:18:04,3,theft,3,clear,False
3028,2026-07-27T23:39:53,3,accident,5,clear,False
3029,2026-07-27T02:12:12,4,theft,2,clear,False
3030,2026-07-27T06:31:02,5,medical_emergency,3,clear,False
3031,2026-07-27T06:05:44,5,theft,1,clear,False
3032,2026-07-27T01:32:36,5,assault,4,clear,False
3033,2026-07-27T16:40:26,5,theft,3,clear,False
3034,2026-07-27T03:41:55,5,assault,3,clear,False
3035,2026-07-27T16:59:05,5,accident,4,clear,False
3036,2026-07-27T12:04:16,5,accident,2,clear,False
3037,2026-07-27T23:59:56,5,fire,3,clear,False
3038,2026-07-27T05:08:13,5,theft,2,clear,False
3039,2026-07-27T08:38:59,5,theft,1,clear,False
3040,2026-07-27T06:40:55,6,accident,3,clear,False
3041,2026-07-27T10:58:15,6,accident,5,clear,False
3042,2026-07-27T03:52:16,6,accident,2,clear,False
3043,2026-07-27T14:31:54,6,accident,4,clear,False
3044,2026-07-27T20:58:53,6,medical_emergency,5,clear,False
3045,2026-07-27T17:50:25,6,theft,2,clear,False
3046,2026-07-27T17:20:19,6,fire,1,clear,False
3047,2026-07-27T10:49:36,7,theft,2,clear,False
3048,2026-07-27T17:19:44,8,medical_emergency,5,clear,False
3049,2026-07-27T21:59:50,8,theft,3,clear,False
3050,2026-07-27T13:54:09,9,disturbance,3,clear,False
3051,2026-07-27T13:38:08,9,accident,4,clear,False
3052,2026-07-27T07:06:43,9,disturbance,3,clear,False
3053,2026-07-28T19:26:02,0,medical_emergency,1,rain,False
3054,2026-07-28T02:15:20,0,fire,3,rain,False
3055,2026-07-28T19:15:39,0,accident,3,rain,False
3056,2026-07-28T18:38:28,0,medical_emergency,1,rain,False
3057,2026-07-28T06:03:00,0,disturbance,1,rain,False
3058,2026-07-28T05:23:32,0,medical_emergency,2,rain,False
3059,2026-07-28T07:27:52,0,fire,2,rain,False
3060,2026-07-28T13:51:38,0,accident,2,rain,False
3061,2026-07-28T20:35:27,1,accident,5,rain,False
3062,2026-07-28T21:18:12,1,theft,3,rain,False
3063,2026-07-28T20:46:39,1,accident,2,rain,False
3064,2026-07-28T19:40:58,1,medical_emergency,3,rain,False
3065,2026-07-28T02:39:36,1,accident,1,rain,False
3066,2026-07-28T04:27:20,1,theft,2,rain,False
3067,2026-07-28T20:36:10,2,disturbance,1,rain,False
3068,2026-07-28T15:58:44,2,theft,2,rain,False
3069,2026-07-28T13:52:52,3,theft,3,rain,False
3070,2026-07-28T14:46:56,4,medical_emergency,1,rain,False
3071,2026-07-28T18:44:05,5,accident,3,rain,False
3072,2026-07-28T17:33:47,5,medical_emergency,2,rain,False
3073,2026-07-28T10:37:18,5,medical_emergency,4,rain,False
3074,2026-07-28T13:20:55,6,assault,5,rain,False
3075,2026-07-28T12:48:34,6,assault,5,rain,False
3076,2026-07-28T00:53:32,6,medical_emergency,2,rain,False
3077,2026-07-28T03:33:54,6,assault,2,rain,False
3078,2026-07-28T19:43:11,6,theft,2,rain,False
3079,2026-07-28T18:19:27,6,assault,4,rain,False
3080,2026-07-28T10:59:05,6,assault,4,rain,False
3081,2026-07-28T20:33:44,7,medical_emergency,3,rain,False
3082,2026-07-28T19:28:51,7,theft,2,rain,False
3083,2026-07-28T00:53:02,7,medical_emergency,3,rain,False
3084,2026-07-28T18:20:03,8,accident,4,rain,False
3085,2026-07-28T01:40:40,8,assault,1,rain,False
3086,2026-07-28T14:15:00,8,accident,4,rain,False
3087,2026-07-28T19:34:28,8,theft,4,rain,False
3088,2026-07-28T06:11:05,8,disturbance,1,rain,False
3089,2026-07-28T09:27:15,8,accident,5,rain,False
3090,2026-07-28T12:22:54,9,medical_emergency,2,rain,False
3091,2026-07-29T15:52:35,0,theft,4,clear,False
3092,2026-07-29T09:59:31,0,medical_emergency,2,clear,False
3093,2026-07-29T03:02:52,0,theft,2,clear,False
3094,2026-07-29T08:05:10,0,accident,1,clear,False
3095,2026-07-29T18:12:25,0,medical_emergency,2,clear,False
3096,2026-07-29T03:53:41,0,accident,4,clear,False
3097,2026-07-29T18:14:18,1,medical_emergency,2,clear,False
3098,2026-07-29T16:34:09,1,assault,2,clear,False
3099,2026-07-29T16:07:30,1,medical_emergency,1,clear,False
3100,2026-07-29T13:34:56,1,assault,3,clear,False
3101,2026-07-29T04:05:19,2,accident,1,clear,False
3102,2026-07-29T18:45:46,2,theft,1,clear,False
3103,2026-07-29T09:41:29,2,medical_emergency,4,clear,False
3104,2026-07-29T20:27:21,2,medical_emergency,5,clear,False
3105,2026-07-29T15:10:23,2,disturbance,2,clear,False
3106,2026-07-29T20:36:49,3,theft,2,clear,False
3107,2026-07-29T21:22:42,4,assault,4,clear,False
3108,2026-07-29T15:08:36,5,theft,2,clear,False
3109,2026-07-29T08:24:40,5,theft,1,clear,False
3110,2026-07-29T18:24:28,6,theft,3,clear,False
3111,2026-07-29T18:48:26,6,medical_emergency,3,clear,False
3112,2026-07-29T07:25:05,6,theft,3,clear,False
3113,2026-07-29T14:54:51,6,theft,2,clear,False
3114,2026-07-29T01:00:33,6,disturbance,1,clear,False
3115,2026-07-29T04:54:15,6,accident,2,clear,False
3116,2026-07-29T19:05:25,7,medical_emergency,4,clear,False
3117,2026-07-29T20:10:40,8,assault,5,clear,False
3118,2026-07-29T06:52:03,8,theft,1,clear,False
3119,2026-07-29T12:58:58,8,medical_emergency,4,clear,False
3120,2026-07-29T18:24:57,8,assault,4,clear,False
3121,2026-07-29T04:44:48,8,accident,3,clear,False
3122,2026-07-29T20:26:36,9,medical_emergency,4,clear,False
3123,2026-07-29T06:01:45,9,accident,5,clear,False
